age,gender,procrastination_level,motivation_level,fatigue_level,sleep_hours,task_complexity,current_habits_count,morning_person,goal_clarity,focus_span,time_availability,recommended_technique
56,Male,5,4,1,6.640348279,2,9,0,5,105,2.302342327,2 Minute Rule
46,Female,4,2,3,8.378271439,3,9,0,2,68,5.445127273,2 Minute Rule
32,Male,3,1,2,9.641324833,2,6,0,5,95,7.322951285,90/90/1 Rule
60,Other,5,5,2,7.622781952,2,9,0,5,93,7.867929159,2 Minute Rule
25,Male,2,3,3,9.178813226,2,4,0,4,17,1.9852321,Pomodoro
38,Male,5,4,2,8.934967896,4,5,1,2,76,1.50589717,90/90/1 Rule
56,Male,1,2,1,5.040058318,3,4,1,5,60,0.923010183,Habit Stacking
36,Male,3,1,1,6.914904573,2,6,1,2,9,7.012227636,Pomodoro
40,Other,2,3,3,4.701541213,2,1,0,3,16,2.710361351,Pomodoro
28,Other,4,2,2,8.092918969,2,4,0,3,45,0.513590254,2 Minute Rule
28,Female,2,2,1,9.699398009,1,9,1,3,7,2.178635645,Pomodoro
41,Other,4,3,1,4.822536748,4,2,1,5,103,3.053308101,90/90/1 Rule
53,Other,2,1,4,8.403298785,1,8,0,3,37,7.932396271,Pomodoro
57,Female,5,1,4,7.793428905,4,5,1,4,90,4.426561954,Pomodoro
41,Other,5,5,1,7.501630222,2,9,1,4,54,2.035354607,2 Minute Rule
20,Male,5,4,3,6.340721408,3,2,0,5,60,3.011137585,2 Minute Rule
39,Male,1,3,5,6.130789887,5,6,1,2,112,2.977307657,Pomodoro
19,Female,4,3,5,4.271495134,5,3,1,1,13,0.647943098,Pomodoro
41,Female,5,3,1,5.30745225,2,2,1,2,109,1.513872906,2 Minute Rule
61,Female,1,1,1,4.091061294,1,7,0,2,86,5.713973448,90/90/1 Rule
47,Male,4,4,1,7.488502633,3,3,1,2,54,1.401882399,2 Minute Rule
55,Other,2,5,3,4.635119415,4,0,1,2,33,2.230507075,90/90/1 Rule
19,Male,1,2,4,9.238116364,2,5,1,1,43,3.130529738,Pomodoro
38,Female,3,2,1,7.138858124,3,9,0,3,95,6.183012084,90/90/1 Rule
50,Other,1,3,1,8.198139454,3,0,0,2,104,4.868007237,90/90/1 Rule
29,Other,1,4,2,6.465142551,4,4,1,4,49,5.667499887,
39,Male,4,1,3,7.363478854,3,6,0,5,21,4.752592441,Pomodoro
61,Female,2,4,1,9.655955062,1,5,1,5,60,5.626943189,
42,Male,3,4,2,4.496404238,1,1,0,4,102,0.521316152,90/90/1 Rule
44,Other,5,1,5,5.523626632,1,3,0,2,50,7.481736083,Pomodoro
59,Male,5,3,1,8.679929961,3,1,1,1,71,1.331901732,2 Minute Rule
45,Male,1,4,1,4.592423241,1,0,1,3,73,3.54686822,90/90/1 Rule
33,Female,4,2,2,4.453966623,4,2,1,5,18,6.282787777,Pomodoro
32,Female,4,1,3,6.169248393,3,2,0,3,71,3.764230385,2 Minute Rule
64,Other,5,5,1,4.553007751,5,6,1,1,27,7.601319138,Pomodoro
61,Male,3,3,5,7.510470653,3,0,0,5,107,4.006917114,Pomodoro
20,Male,2,1,1,5.357651505,4,8,0,3,98,7.062045542,90/90/1 Rule
54,Male,3,5,5,9.374187779,5,5,1,1,118,6.58121085,Pomodoro
24,Other,2,5,4,8.701000485,3,3,0,3,113,7.857397271,Pomodoro
38,Other,5,4,4,8.198231237,1,2,1,2,65,7.449108356,Pomodoro
26,Female,2,4,5,7.701664164,2,2,0,1,27,7.23592876,Pomodoro
56,Female,4,4,3,9.180794382,2,1,1,3,31,5.987032554,2 Minute Rule
35,Female,1,1,1,5.338372369,1,0,0,3,58,3.252486105,90/90/1 Rule
21,Male,1,1,1,9.238653057,2,9,0,2,14,1.295940639,Pomodoro
42,Male,5,3,4,8.736953791,2,4,1,1,93,5.664837892,Pomodoro
31,Female,4,4,5,8.488964958,1,8,0,4,81,7.83990561,Pomodoro
26,Male,3,5,1,7.367534068,1,1,1,5,20,5.94953328,Pomodoro
43,Female,4,2,1,5.477464966,3,1,0,1,45,7.46547027,2 Minute Rule
19,Other,1,3,3,6.541287496,3,5,0,2,102,6.532285347,90/90/1 Rule
37,Female,1,1,2,8.761423927,1,9,0,2,59,1.723360063,90/90/1 Rule
45,Other,4,3,4,4.190670906,4,1,1,1,105,2.369028279,Pomodoro
64,Male,4,3,4,8.692304616,2,3,1,4,65,3.063992013,Pomodoro
24,Female,1,3,2,5.440424443,3,5,1,5,90,1.761953333,90/90/1 Rule
61,Male,3,3,1,4.865855204,2,4,1,3,85,4.862384995,90/90/1 Rule
25,Other,5,2,3,4.694207909,5,0,1,1,91,7.815878931,90/90/1 Rule
64,Other,5,4,3,4.163500072,1,5,0,5,104,6.210941251,2 Minute Rule
52,Other,4,5,4,7.141518911,4,0,0,5,53,3.675400618,Pomodoro
31,Male,5,3,3,5.309559236,5,2,1,2,77,0.533783607,90/90/1 Rule
34,Male,1,3,2,9.936590595,5,9,0,3,56,2.849570084,Habit Stacking
53,Male,1,3,1,7.446620535,5,4,0,1,6,4.450694658,Pomodoro
57,Male,4,4,2,4.827311616,1,9,0,2,100,2.931881554,2 Minute Rule
21,Other,4,1,5,8.132575245,3,4,0,2,54,1.332761923,Pomodoro
19,Other,4,1,4,9.386461399,1,9,1,4,90,3.820737176,Pomodoro
23,Female,3,2,3,8.471076972,3,5,0,5,47,2.399396127,Habit Stacking
59,Female,5,1,5,4.458639166,5,9,1,1,81,7.319242823,Pomodoro
21,Male,4,3,3,9.375305087,5,7,1,1,12,1.263158964,Pomodoro
46,Other,2,3,1,8.763576315,4,4,0,1,63,0.868644715,90/90/1 Rule
35,Other,2,3,1,4.949823401,3,0,1,2,69,0.539856269,90/90/1 Rule
43,Other,1,2,1,4.310715332,5,4,0,4,85,2.960522634,90/90/1 Rule
61,Female,5,3,3,7.343863452,2,2,0,3,16,5.452901287,Pomodoro
51,Female,4,1,5,4.936214868,4,3,0,2,8,5.978103147,Pomodoro
27,Other,2,4,1,9.007545716,1,7,1,3,81,3.899462625,90/90/1 Rule
53,Other,5,4,5,6.15000794,4,6,1,4,99,5.632464878,Pomodoro
31,Other,1,5,3,9.477354668,2,4,1,5,45,3.199355272,
48,Female,3,1,5,7.394129033,3,1,0,1,11,5.50854665,Pomodoro
32,Other,5,3,3,5.096034305,1,5,0,3,91,0.80446989,2 Minute Rule
25,Other,5,4,3,4.837593204,1,5,0,2,92,3.430647384,2 Minute Rule
31,Male,3,1,4,7.458834625,3,9,1,3,73,6.431372582,Pomodoro
40,Male,5,4,3,8.571301671,4,9,0,5,73,6.522545228,90/90/1 Rule
57,Female,1,3,3,8.689033886,5,5,0,1,85,5.871115842,90/90/1 Rule
38,Other,1,4,2,5.654544427,4,8,1,3,34,2.031789654,
33,Other,3,5,1,5.225480553,2,7,1,5,77,2.354038392,90/90/1 Rule
62,Male,4,5,4,4.100537827,5,7,1,2,10,7.970665454,Pomodoro
35,Female,2,4,4,8.075194907,4,0,0,4,93,1.275335054,Pomodoro
64,Male,4,1,4,4.459409551,3,4,0,2,23,1.854970242,Pomodoro
41,Male,5,1,2,6.524567211,2,6,0,1,84,1.475196917,2 Minute Rule
43,Male,2,1,3,7.610092984,2,5,1,2,89,2.957412228,90/90/1 Rule
42,Male,3,4,1,9.62265367,2,4,1,2,70,2.076318764,90/90/1 Rule
62,Other,3,1,5,5.870812822,5,7,1,2,14,4.232659697,Pomodoro
58,Other,2,3,3,5.498632975,1,2,1,2,20,4.070155302,Pomodoro
46,Male,1,5,2,7.924960926,5,5,0,1,41,7.261292146,90/90/1 Rule
32,Female,2,3,3,7.715434192,4,4,0,5,83,0.760549606,90/90/1 Rule
62,Female,5,1,3,5.9926587,1,7,0,3,81,2.899096825,2 Minute Rule
18,Female,1,3,2,9.568611013,4,3,0,4,81,4.97493419,90/90/1 Rule
42,Female,3,1,4,9.069173965,1,7,0,3,36,5.036013214,Pomodoro
24,Male,2,4,4,5.343895275,5,9,0,3,113,4.100946718,Pomodoro
26,Other,4,3,1,5.434855273,2,1,0,4,51,6.617491556,2 Minute Rule
41,Female,4,4,1,7.073802081,3,8,0,1,114,0.970416286,2 Minute Rule
18,Male,5,4,4,8.64143261,2,8,1,4,76,6.616158242,Pomodoro
61,Female,4,2,5,4.264242276,5,9,1,1,47,4.210656803,Pomodoro
25,Female,2,1,3,8.160010922,1,9,0,3,86,1.503205213,90/90/1 Rule
41,Male,2,5,5,7.889415384,2,5,1,1,40,7.142764352,Pomodoro
28,Other,4,1,3,5.388880575,5,3,0,5,30,5.369215847,Habit Stacking
34,Other,2,5,4,8.088118079,4,3,0,4,14,1.726592651,Pomodoro
25,Male,5,1,1,9.641099148,3,5,1,5,35,0.752372925,2 Minute Rule
52,Other,1,4,1,4.28071507,2,4,0,3,101,1.558322362,90/90/1 Rule
52,Male,5,3,5,5.917912332,1,5,0,4,33,5.065984701,Pomodoro
50,Male,5,3,1,6.6290603,4,6,0,3,9,1.844721764,Pomodoro
22,Male,2,2,4,9.395562154,5,6,0,5,81,2.193223062,Pomodoro
59,Other,1,5,5,9.77356868,3,8,0,3,5,0.688547943,Pomodoro
56,Male,2,5,3,6.664691479,1,7,0,4,91,5.921980042,90/90/1 Rule
58,Female,3,5,1,8.500170473,5,5,0,4,108,6.577732998,90/90/1 Rule
45,Other,2,4,2,7.189966143,5,5,1,3,7,6.476361326,Pomodoro
24,Other,2,5,1,7.226697608,2,4,1,4,71,1.456761135,90/90/1 Rule
26,Other,2,3,3,5.66859709,2,0,0,4,75,7.274758455,90/90/1 Rule
25,Other,1,4,5,5.301737475,1,8,1,3,104,5.542091221,Pomodoro
29,Female,2,1,3,5.728032076,5,8,0,5,39,7.231464668,Habit Stacking
51,Other,1,5,2,7.337968044,2,8,0,4,19,3.853703784,Pomodoro
50,Other,4,5,4,4.174931116,3,7,0,4,108,3.777161458,Pomodoro
40,Male,3,1,1,9.443493666,3,9,0,4,71,6.38402389,90/90/1 Rule
41,Other,1,5,5,4.937702257,5,2,1,4,97,1.199733916,Pomodoro
54,Female,4,1,4,5.320532061,2,0,1,3,34,4.406555275,Pomodoro
52,Female,1,4,3,7.109657059,1,7,1,5,107,6.772881767,90/90/1 Rule
61,Female,1,3,5,8.260688598,1,6,1,5,86,6.726444223,Pomodoro
57,Female,3,1,4,4.574374328,1,4,0,1,79,7.670996423,Pomodoro
39,Other,5,2,5,5.906168185,3,9,1,4,47,5.737044451,Pomodoro
44,Other,5,1,2,9.812047633,2,6,0,4,117,2.058279721,2 Minute Rule
52,Female,1,5,2,5.574057801,2,9,0,1,64,0.652102362,90/90/1 Rule
18,Female,2,4,1,5.87830087,3,3,1,5,106,4.09561849,90/90/1 Rule
52,Other,4,4,1,9.018990944,1,8,0,2,44,4.352778992,2 Minute Rule
54,Female,2,1,2,4.30128659,1,9,1,2,69,2.301969384,90/90/1 Rule
64,Male,2,3,5,6.787679013,5,1,1,5,33,1.435230853,Pomodoro
31,Female,1,2,2,6.277700587,4,8,1,4,78,4.896561246,90/90/1 Rule
20,Female,1,4,1,5.899520559,2,8,1,2,96,6.231917555,90/90/1 Rule
18,Male,1,5,2,5.714197564,2,4,1,3,99,7.948655777,90/90/1 Rule
22,Male,1,5,2,4.548244629,2,0,0,3,23,6.187269629,Pomodoro
43,Other,5,3,5,5.888954976,4,6,1,1,7,6.452243107,Pomodoro
31,Other,1,4,4,4.258314416,5,9,1,5,40,5.123456587,Pomodoro
56,Male,5,1,1,8.685783182,4,9,0,5,47,7.894419942,Habit Stacking
44,Male,5,5,5,6.389366764,1,3,1,2,19,5.299672888,Pomodoro
26,Other,1,3,2,6.663422994,1,8,1,4,101,6.951899648,90/90/1 Rule
32,Female,3,4,2,9.361567519,2,5,0,5,45,7.593384847,
32,Male,4,4,4,7.948329903,3,2,0,2,111,7.473938754,Pomodoro
43,Other,2,4,1,4.04835462,2,5,1,2,119,3.360615078,90/90/1 Rule
59,Female,5,4,1,9.659048938,3,9,0,5,113,3.089965437,2 Minute Rule
30,Male,4,4,3,5.422866796,4,5,1,2,94,1.789052769,90/90/1 Rule
49,Female,3,5,1,4.645685109,1,4,0,1,84,0.94417479,90/90/1 Rule
56,Other,2,3,4,8.60876907,3,1,1,1,40,1.290477011,Pomodoro
49,Male,2,4,3,7.002863895,4,9,1,5,101,1.884884344,90/90/1 Rule
21,Female,5,2,3,6.602623396,1,9,1,4,88,3.058207374,2 Minute Rule
47,Male,1,2,2,5.497018478,3,1,0,1,81,4.576547349,90/90/1 Rule
54,Female,3,3,2,7.284828939,2,6,1,1,37,5.837615445,90/90/1 Rule
40,Other,5,1,1,5.646307631,2,1,0,5,9,2.081955021,Pomodoro
56,Other,3,1,3,9.409498032,2,5,1,3,105,5.543918032,90/90/1 Rule
62,Male,1,1,2,5.291226878,4,4,1,2,82,5.781943059,90/90/1 Rule
32,Female,1,2,4,9.306130903,2,3,1,1,95,4.689667526,Pomodoro
60,Male,5,1,2,7.356432554,5,6,1,3,91,7.277134023,90/90/1 Rule
46,Male,1,5,2,8.970928803,1,7,1,4,18,1.332461104,Pomodoro
53,Female,4,4,3,8.277075975,4,3,0,3,108,1.828410932,90/90/1 Rule
30,Female,2,2,3,8.180170669,2,0,0,5,72,3.714986183,90/90/1 Rule
49,Female,5,3,5,5.946074846,1,0,0,4,107,1.450345514,Pomodoro
24,Other,3,3,4,5.403381589,3,0,1,4,120,4.747221078,Pomodoro
39,Male,4,4,3,5.265317366,2,0,1,3,87,3.4880035,2 Minute Rule
45,Male,5,2,1,9.143149942,1,4,0,5,51,2.634468459,2 Minute Rule
19,Other,1,1,4,8.922560922,5,3,1,1,58,1.774923598,Pomodoro
59,Female,1,1,4,6.643441168,3,8,1,3,8,3.015036788,Pomodoro
62,Other,1,5,3,4.794427681,5,2,1,1,98,5.059695131,90/90/1 Rule
23,Other,1,5,4,6.293513512,1,6,0,3,87,4.818389082,Pomodoro
45,Other,3,1,3,7.716060725,5,7,0,1,99,1.727180002,90/90/1 Rule
45,Male,4,3,2,6.726418927,1,5,0,3,99,1.436898581,2 Minute Rule
61,Other,2,3,5,8.681135611,1,9,0,4,13,0.70007572,Pomodoro
61,Male,3,5,2,9.985736934,5,0,0,2,57,0.593191953,90/90/1 Rule
37,Male,3,4,3,5.146792531,1,7,1,4,81,7.098578268,90/90/1 Rule
47,Male,2,1,3,6.757904918,2,9,1,1,82,0.83816642,90/90/1 Rule
28,Female,2,5,2,6.585903412,1,2,1,5,64,5.984158324,90/90/1 Rule
45,Male,1,5,1,5.826955196,4,7,1,4,50,7.039888222,
42,Male,3,1,1,5.1885731,1,3,0,2,58,1.235433864,90/90/1 Rule
56,Female,5,1,1,4.394152699,4,7,0,1,78,3.772260679,90/90/1 Rule
50,Male,2,3,3,9.322715903,1,0,1,4,116,7.717272374,90/90/1 Rule
18,Other,2,4,4,6.519092186,1,2,0,3,99,6.756039954,Pomodoro
44,Other,4,4,3,6.981373111,5,5,1,5,41,4.172780239,
30,Male,5,1,4,9.501652289,2,8,1,1,27,6.219283346,Pomodoro
58,Female,5,2,2,8.657742865,2,1,1,4,31,6.750332183,2 Minute Rule
20,Other,2,5,5,4.783007585,3,0,1,1,74,3.110202224,Pomodoro
56,Female,1,5,4,7.392519806,5,9,0,3,94,7.191146877,Pomodoro
23,Female,4,1,1,6.653513659,5,2,1,2,70,4.028549898,90/90/1 Rule
25,Other,5,2,3,8.783266435,2,3,0,4,113,4.458555227,2 Minute Rule
44,Female,2,3,2,8.345395286,5,4,1,1,65,7.997807284,90/90/1 Rule
26,Other,5,1,1,8.142434331,2,2,1,1,81,6.824772246,2 Minute Rule
54,Female,4,1,2,6.043269013,5,9,1,1,55,3.213275043,90/90/1 Rule
50,Other,4,5,5,8.829782382,1,1,1,2,54,0.577591974,Pomodoro
59,Male,3,1,3,4.314347774,2,1,0,1,23,5.196305553,Pomodoro
61,Other,2,1,3,4.957749409,2,6,1,5,5,5.779350696,Pomodoro
41,Other,4,1,5,6.013739638,4,8,0,5,44,5.381020176,Pomodoro
32,Other,3,5,3,4.460844646,5,8,1,1,36,7.758967634,90/90/1 Rule
49,Other,3,3,4,5.409965665,5,1,1,5,26,6.972282705,Pomodoro
49,Female,5,3,2,8.980905898,2,6,1,4,116,3.866237699,2 Minute Rule
41,Male,5,1,1,9.689509227,1,6,0,5,97,0.971431156,2 Minute Rule
58,Other,3,5,5,5.827614135,1,6,1,1,70,4.070440771,Pomodoro
29,Female,5,3,4,5.587094824,1,2,1,3,44,5.66933015,Pomodoro
56,Male,4,3,1,5.679355913,5,6,1,4,42,5.057823562,Habit Stacking
19,Male,1,3,1,5.666314524,4,0,1,2,52,4.536028008,90/90/1 Rule
20,Male,4,5,5,4.215581093,2,9,1,1,59,4.016142185,Pomodoro
54,Male,3,5,4,9.561498078,3,0,0,2,79,2.703214048,Pomodoro
34,Other,3,1,1,5.282188849,4,4,0,3,85,2.580361713,90/90/1 Rule
19,Other,4,4,1,6.520024444,3,1,1,2,59,4.251736092,2 Minute Rule
19,Female,5,3,4,4.058121296,4,8,1,1,55,1.704523598,Pomodoro
45,Female,5,4,3,9.147730545,1,6,0,1,111,3.055140677,2 Minute Rule
40,Female,3,5,1,8.386944067,5,3,1,3,64,2.92984456,90/90/1 Rule
54,Male,2,5,2,9.680536211,3,3,0,1,12,4.903496012,Pomodoro
49,Male,5,5,4,8.689692875,4,1,1,3,90,1.000117253,Pomodoro
50,Other,4,4,1,5.882239072,5,4,1,3,72,6.722515102,90/90/1 Rule
18,Male,5,5,5,5.487240152,3,3,0,1,79,4.717837853,Pomodoro
36,Male,4,1,2,8.186297845,2,0,1,5,76,5.531200106,2 Minute Rule
19,Male,3,5,1,6.18467665,4,7,0,3,13,5.773204278,Pomodoro
61,Female,5,2,2,7.397290095,2,2,0,1,94,2.686131026,2 Minute Rule
43,Female,4,4,2,4.037544826,1,5,0,5,6,4.027786755,Pomodoro
49,Other,3,2,3,4.37131421,2,3,1,3,84,7.671844669,90/90/1 Rule
23,Male,2,5,2,7.212207647,2,8,0,5,99,6.250289285,90/90/1 Rule
49,Male,4,1,3,7.396429879,4,6,0,4,74,7.771676564,90/90/1 Rule
21,Other,2,3,4,8.508717667,1,8,1,4,89,6.096907589,Pomodoro
28,Male,2,5,3,4.791791918,2,9,1,5,94,1.817001047,90/90/1 Rule
34,Male,1,1,5,7.079098503,5,2,1,3,63,0.984019129,Pomodoro
55,Female,5,4,1,5.166685867,3,0,1,1,23,4.832460775,Pomodoro
41,Other,4,2,4,4.559176717,2,4,1,2,32,3.183599598,Pomodoro
22,Other,2,2,4,6.462974764,1,2,1,1,76,2.565934326,Pomodoro
51,Other,1,2,5,4.980019889,2,5,0,2,18,6.554082473,Pomodoro
23,Other,3,4,3,5.330691869,3,7,1,2,28,3.252449503,Pomodoro
39,Female,4,1,1,5.905327479,1,3,0,3,116,2.877507273,2 Minute Rule
28,Female,2,4,3,5.556330404,4,4,1,5,48,6.874906949,
33,Male,5,2,2,4.525547784,1,4,0,1,105,6.847155024,2 Minute Rule
50,Male,1,5,3,4.539497469,4,3,0,5,60,3.172749783,5 AM Club
26,Male,2,3,4,5.159496491,1,3,1,4,94,6.743740257,Pomodoro
23,Male,5,4,1,4.303355128,3,3,1,3,99,6.880838677,2 Minute Rule
33,Female,2,4,3,7.758742118,3,3,0,3,55,3.679479013,
46,Other,4,1,1,5.723960299,1,3,1,4,36,0.998548477,2 Minute Rule
20,Female,4,1,1,5.678475807,2,4,1,1,54,0.511884833,2 Minute Rule
37,Male,4,4,2,5.991989765,3,1,0,4,45,4.424693472,2 Minute Rule
53,Female,1,2,2,7.976777645,4,1,0,1,70,3.0805662,90/90/1 Rule
36,Other,4,1,4,9.223803289,4,8,0,2,29,7.978489206,Pomodoro
43,Other,5,1,5,8.554521595,5,1,1,3,120,6.293082497,Pomodoro
20,Female,2,2,1,8.365175381,4,5,1,1,112,6.209565923,90/90/1 Rule
36,Female,3,5,5,6.906347114,5,1,1,5,65,7.664320762,Pomodoro
37,Female,5,1,4,8.162833342,1,4,1,5,70,7.157932984,Pomodoro
49,Male,5,2,1,7.316574208,1,3,0,3,46,2.886406096,2 Minute Rule
24,Female,4,2,1,5.297503169,1,6,1,4,69,1.744904162,2 Minute Rule
58,Female,1,3,5,5.251530206,2,6,0,4,40,6.094191988,Pomodoro
50,Female,2,3,3,5.778352041,2,5,1,1,80,3.337054203,90/90/1 Rule
57,Other,1,5,2,9.464816026,5,9,1,4,13,4.048794887,Pomodoro
56,Other,2,2,3,7.284489042,4,8,0,3,40,5.227982985,Habit Stacking
35,Male,2,2,5,8.403432262,4,0,1,1,109,7.309045077,Pomodoro
57,Male,1,3,2,6.079352559,1,2,1,2,96,3.643158153,90/90/1 Rule
18,Other,5,1,3,6.446294624,3,8,0,4,42,6.374876677,2 Minute Rule
28,Other,2,1,2,4.753393472,2,0,1,4,37,2.512548435,Reward and Reinforcement
45,Other,1,4,1,5.027769747,2,4,0,1,46,5.734788432,90/90/1 Rule
42,Other,2,3,3,8.964139329,1,1,0,5,65,0.511845658,90/90/1 Rule
40,Female,3,4,2,7.50903179,2,3,0,4,50,7.036304101,
48,Other,5,3,2,6.025194795,1,0,0,3,90,0.72784685,2 Minute Rule
47,Female,4,5,2,8.817107254,5,2,1,4,93,5.845653161,90/90/1 Rule
59,Female,2,2,3,5.479119434,4,9,1,2,65,0.846936419,90/90/1 Rule
52,Male,3,5,4,9.856196192,3,6,1,4,22,2.496842745,Pomodoro
24,Other,4,3,3,6.068905646,4,9,0,5,74,4.229018027,90/90/1 Rule
33,Other,4,2,5,6.023865725,4,2,1,4,86,3.64954014,Pomodoro
43,Female,2,1,3,5.871471433,5,3,1,1,120,1.93877086,90/90/1 Rule
19,Other,1,1,2,4.732669096,2,1,1,4,84,3.003611838,90/90/1 Rule
18,Male,2,4,1,4.666822884,3,2,1,5,19,5.957797775,Pomodoro
29,Male,3,3,3,7.888630207,2,8,0,1,52,5.519428194,90/90/1 Rule
22,Male,4,3,3,9.250708267,4,2,0,3,76,1.038609378,90/90/1 Rule
54,Other,2,1,2,8.743123062,1,4,1,1,17,6.104868692,Pomodoro
49,Other,1,5,1,4.846645564,4,1,0,2,47,0.897844109,90/90/1 Rule
26,Other,2,2,1,7.273492731,2,3,1,1,64,4.571947918,90/90/1 Rule
58,Other,5,5,5,4.633549276,4,6,1,3,61,2.45047061,Pomodoro
52,Other,1,5,3,4.271767862,1,6,1,4,75,4.907675957,90/90/1 Rule
36,Male,3,1,1,7.938315156,5,2,0,1,21,2.45996297,Pomodoro
33,Female,4,1,1,7.210914002,2,4,1,1,54,7.887184772,2 Minute Rule
20,Male,2,1,4,4.492142111,4,0,0,1,36,2.822961378,Pomodoro
37,Other,1,4,4,4.209635478,2,9,0,1,26,2.314704768,Pomodoro
41,Male,5,5,1,9.93853848,5,9,1,3,59,2.588489682,
50,Other,1,3,5,4.180127993,4,9,0,5,119,7.223546429,Pomodoro
41,Other,5,2,1,6.667169518,4,0,0,5,61,5.271641215,90/90/1 Rule
28,Male,3,4,2,7.027714148,2,4,1,1,17,5.980130731,Pomodoro
25,Other,4,3,3,4.703680887,2,9,0,3,51,7.385078826,2 Minute Rule
53,Female,3,5,5,5.014370671,1,8,0,3,91,7.339043636,Pomodoro
55,Other,2,1,2,6.110830038,5,0,1,1,66,6.042093849,90/90/1 Rule
57,Female,1,5,5,8.570055257,1,0,1,2,58,1.983683216,Pomodoro
37,Female,5,2,2,7.042494544,4,3,0,1,33,6.825299905,90/90/1 Rule
52,Other,5,4,3,7.827411247,2,3,1,2,26,2.028320256,Pomodoro
42,Male,1,4,3,9.911047331,4,1,1,1,69,6.071741106,90/90/1 Rule
52,Female,1,2,4,8.608032612,4,8,0,2,33,5.642022999,Pomodoro
42,Male,2,3,2,6.606168989,3,8,0,2,52,6.191666376,90/90/1 Rule
46,Female,3,3,4,6.678651531,3,1,1,1,9,4.495142605,Pomodoro
35,Other,5,4,2,7.712632462,4,8,0,2,39,5.290446367,90/90/1 Rule
63,Other,2,4,4,7.992191251,2,5,1,4,78,7.649900603,Pomodoro
35,Female,3,1,3,7.004265555,4,7,1,5,87,1.258164456,90/90/1 Rule
19,Other,2,3,5,7.869167337,3,9,0,3,105,2.816354561,Pomodoro
52,Female,5,2,4,4.141194966,2,3,0,2,75,5.085177598,Pomodoro
33,Other,1,3,2,6.577737183,2,8,1,4,50,7.730405976,90/90/1 Rule
58,Male,1,1,2,5.673628456,5,1,1,3,39,1.216808357,Habit Stacking
53,Other,3,4,3,4.775046671,2,8,1,2,49,0.669119161,90/90/1 Rule
50,Male,4,4,2,4.597279077,4,0,1,3,17,0.918121989,Pomodoro
21,Other,3,1,1,7.619152994,2,6,0,1,14,0.893042648,Pomodoro
50,Male,4,2,5,7.141603283,4,2,1,4,70,7.308618933,Pomodoro
31,Other,2,4,4,5.521504702,4,2,0,4,74,5.90943431,Pomodoro
38,Male,2,5,5,6.825700353,3,1,0,5,76,5.578297746,Pomodoro
37,Female,5,4,3,6.953393891,5,9,1,2,104,4.419296152,90/90/1 Rule
25,Female,4,5,4,5.170053883,3,5,0,5,29,6.364644627,Pomodoro
24,Male,5,1,4,7.912558371,3,9,0,1,48,1.667359946,Pomodoro
20,Other,1,1,1,8.685516138,4,1,1,4,64,3.439558923,90/90/1 Rule
34,Male,4,4,3,8.748781245,3,9,0,1,51,4.175031881,2 Minute Rule
50,Other,3,3,2,7.614818984,5,3,0,1,44,1.328071233,90/90/1 Rule
29,Female,1,5,1,7.069831495,3,9,1,2,11,3.64635282,Pomodoro
39,Other,1,2,1,4.366042858,5,8,1,1,50,2.873763344,90/90/1 Rule
39,Female,3,4,5,5.726987793,3,8,1,4,27,0.766866093,Pomodoro
63,Other,1,2,5,4.559628681,5,5,1,5,87,1.52551552,Pomodoro
47,Other,4,4,5,9.782938965,3,3,1,4,50,6.230276174,Pomodoro
55,Other,5,3,1,4.810480877,3,6,1,2,90,0.635284321,2 Minute Rule
55,Male,1,3,2,4.910652459,2,0,1,4,17,7.506899743,Pomodoro
62,Male,4,3,4,9.33745971,5,3,0,3,25,1.148184743,Pomodoro
25,Female,2,3,5,9.663569701,5,4,0,5,5,6.494285707,Pomodoro
44,Female,4,1,2,8.594974235,5,7,1,3,23,7.239624057,Pomodoro
44,Male,5,1,3,4.032429542,1,1,0,3,64,7.558516886,2 Minute Rule
51,Female,4,5,5,4.008077626,3,4,0,2,37,7.006077676,Pomodoro
38,Male,3,2,4,6.268604619,5,5,1,1,8,2.656625296,Pomodoro
47,Other,5,4,3,4.86037222,1,4,0,3,110,2.998153485,2 Minute Rule
50,Female,2,4,3,4.110316853,2,8,1,4,7,3.69909274,Pomodoro
45,Female,3,1,4,6.784400136,5,9,0,1,95,1.544725171,Pomodoro
64,Male,4,4,5,9.658658864,5,0,1,4,56,0.667043413,Pomodoro
50,Female,5,1,1,5.942917449,1,2,0,4,109,7.018412107,2 Minute Rule
22,Female,2,5,4,7.966844071,3,1,0,1,103,4.655965372,Pomodoro
36,Other,3,2,4,7.913412119,2,2,0,1,32,5.065422066,Pomodoro
21,Female,2,5,4,5.506480622,5,9,1,4,74,7.452413561,Pomodoro
52,Other,4,3,3,7.902551493,3,8,0,2,74,5.488401336,2 Minute Rule
34,Male,2,3,2,5.274003846,2,8,0,5,59,5.681401283,Habit Stacking
61,Female,1,3,1,4.732044481,4,9,1,5,61,6.402264863,90/90/1 Rule
45,Other,3,5,5,8.208299713,4,1,1,2,112,1.372613374,Pomodoro
47,Male,2,4,5,4.680644903,2,2,0,1,91,3.201216149,Pomodoro
46,Female,4,2,2,9.981455312,1,3,0,4,101,7.761559458,2 Minute Rule
63,Male,4,3,4,5.100714407,2,8,0,5,20,7.421975586,Pomodoro
23,Female,2,3,1,7.564851177,2,2,0,4,28,7.130564722,Pomodoro
52,Male,4,3,5,6.468247428,1,6,1,2,73,3.890663828,Pomodoro
58,Male,5,2,5,4.758318534,1,2,0,4,45,6.928947152,Pomodoro
54,Other,5,3,4,4.167063445,3,6,0,2,110,0.862969115,Pomodoro
41,Male,5,2,2,7.736393694,3,6,1,1,81,1.613880682,2 Minute Rule
46,Female,1,3,1,8.840545383,1,8,0,2,51,3.604757739,90/90/1 Rule
63,Female,2,5,2,9.052093969,4,1,0,2,80,4.1254405,90/90/1 Rule
48,Other,1,5,2,6.896280838,4,5,0,5,73,2.476303651,90/90/1 Rule
52,Female,4,2,1,8.664732803,2,8,1,4,105,3.173575031,2 Minute Rule
50,Female,1,5,1,8.037082801,5,1,1,5,35,1.720820758,
38,Female,4,2,5,8.345527165,2,1,0,3,96,4.168505238,Pomodoro
49,Male,4,5,5,6.955594031,2,4,0,2,96,6.453824697,Pomodoro
40,Male,3,5,1,7.800470441,5,9,1,3,34,5.460202952,
50,Female,5,2,3,8.833155481,1,9,0,5,22,1.308441855,Pomodoro
20,Other,4,4,5,6.387305053,4,9,0,4,48,4.156862025,Pomodoro
35,Male,3,5,3,8.835873405,2,7,1,5,31,5.732347871,
42,Other,5,3,1,7.552101057,5,8,1,4,103,4.474214724,90/90/1 Rule
59,Female,4,4,5,4.995406146,3,1,1,4,30,3.437566974,Pomodoro
48,Female,4,2,2,4.148104943,2,4,0,1,107,5.16435816,2 Minute Rule
20,Male,1,4,1,6.176521602,4,6,0,2,117,7.76478999,90/90/1 Rule
57,Female,1,1,4,7.28017797,1,5,0,5,119,1.211809323,Pomodoro
63,Male,5,1,3,9.038922113,2,5,0,4,64,3.425120456,2 Minute Rule
41,Female,4,5,1,4.764914081,2,6,1,5,22,3.549543898,Pomodoro
49,Female,2,5,1,8.801238086,5,2,0,5,101,4.827254829,90/90/1 Rule
64,Male,1,3,5,9.178054276,3,2,0,4,93,1.641309514,Pomodoro
39,Male,5,4,5,4.904124922,3,9,1,3,60,1.824822724,Pomodoro
40,Male,4,1,5,9.109565916,1,8,1,2,35,2.640210395,Pomodoro
19,Female,4,5,4,9.948721407,4,7,0,2,105,7.669025325,Pomodoro
44,Female,2,4,5,8.361032986,1,4,1,1,63,6.005814359,Pomodoro
59,Other,5,5,1,8.708618091,2,5,1,1,6,5.462699763,Pomodoro
19,Male,4,5,5,9.966491605,2,9,0,1,101,6.627182655,Pomodoro
43,Female,1,1,2,7.632887503,3,0,0,2,43,1.456823517,90/90/1 Rule
34,Female,2,1,5,5.847318292,4,9,0,3,65,6.944996148,Pomodoro
57,Male,5,5,4,9.025185004,5,0,0,2,111,4.961245354,Pomodoro
50,Other,2,2,2,7.686914665,4,3,1,2,111,3.014967556,90/90/1 Rule
26,Male,1,5,1,7.487172542,2,1,1,2,67,6.618914418,90/90/1 Rule
60,Other,5,5,1,5.521813333,5,6,0,2,100,6.519234008,90/90/1 Rule
56,Female,2,3,3,8.538005617,4,1,0,3,22,6.842814363,Pomodoro
46,Other,3,3,2,4.490003655,4,9,1,1,21,1.366384251,Pomodoro
59,Female,1,3,3,9.545722425,5,1,0,5,102,7.770209337,90/90/1 Rule
43,Male,1,2,2,5.954940765,2,4,0,1,43,7.697196153,90/90/1 Rule
52,Male,1,2,2,4.766647917,4,3,0,1,75,3.181022341,90/90/1 Rule
42,Male,3,5,4,6.654199199,5,7,0,5,110,0.994205137,Pomodoro
41,Other,3,3,3,4.254819456,2,3,1,2,58,1.752917521,90/90/1 Rule
30,Female,4,2,4,8.107757166,5,5,0,3,103,7.946231191,Pomodoro
24,Male,2,1,2,9.416233063,5,4,1,3,98,4.722597074,90/90/1 Rule
53,Male,4,5,1,9.023578043,4,1,0,1,80,3.174663491,90/90/1 Rule
62,Female,2,4,2,4.764216841,2,7,0,5,39,2.661520204,5 AM Club
37,Male,3,5,4,4.757626823,4,1,1,4,15,2.427438015,Pomodoro
18,Female,3,4,3,8.880606894,1,8,0,2,65,5.481145738,90/90/1 Rule
25,Female,4,3,3,9.545525648,1,8,1,1,48,3.645408736,2 Minute Rule
63,Female,5,4,4,6.764018979,2,2,0,3,72,7.740580245,Pomodoro
33,Female,4,3,3,6.993826701,5,3,0,5,29,5.62882273,Pomodoro
31,Female,2,1,5,5.909572248,4,7,0,5,52,6.440334433,Pomodoro
29,Other,4,4,1,9.36559071,4,8,0,1,36,2.695561614,90/90/1 Rule
40,Male,1,5,1,7.869417432,2,2,0,4,88,1.093898068,90/90/1 Rule
32,Other,2,3,1,5.729509463,2,4,1,3,118,4.15867128,90/90/1 Rule
45,Male,2,5,3,5.792697226,1,7,1,1,99,2.859361599,90/90/1 Rule
51,Other,5,2,3,9.347200438,3,2,0,4,8,2.015623738,Pomodoro
19,Female,3,3,2,4.081804143,2,6,0,5,42,7.644815981,Habit Stacking
49,Male,2,4,2,5.936359436,3,7,1,2,67,3.829911608,90/90/1 Rule
40,Male,3,3,1,7.326140087,2,9,1,3,51,3.68131444,Habit Stacking
39,Other,4,5,5,4.889304773,5,2,0,3,5,1.989879895,Pomodoro
42,Other,1,1,2,4.552592525,5,1,0,4,7,2.605323068,Pomodoro
39,Male,5,3,2,8.891657987,1,9,1,1,105,7.994872011,2 Minute Rule
39,Other,3,4,3,9.366426332,1,6,0,5,90,2.510086254,90/90/1 Rule
59,Other,2,2,5,8.941638525,3,8,1,4,66,2.966013534,Pomodoro
23,Other,3,1,1,9.392727338,2,0,0,2,68,5.44496096,90/90/1 Rule
32,Female,2,2,2,7.318671826,4,2,1,2,21,2.704710323,Pomodoro
60,Female,3,3,5,8.873548726,1,4,1,2,82,2.118531883,Pomodoro
54,Other,2,5,5,6.30425583,4,2,0,4,109,1.6897789,Pomodoro
50,Other,4,5,1,7.997607169,4,0,1,5,66,2.845119988,90/90/1 Rule
25,Female,2,4,5,9.933013188,2,6,0,3,39,1.294367672,Pomodoro
61,Female,2,5,5,5.354366343,3,6,0,1,17,0.639849398,Pomodoro
61,Male,1,1,5,6.339398478,2,9,0,3,39,6.53481273,Pomodoro
22,Male,2,5,2,6.880284264,1,7,0,5,47,1.534212068,
56,Female,1,4,1,4.828092922,4,4,1,3,6,6.319826374,Pomodoro
21,Other,5,3,5,4.486231663,2,9,0,4,60,6.481568592,Pomodoro
23,Other,1,3,5,8.978337198,2,4,0,2,115,4.534396447,Pomodoro
62,Other,4,5,2,9.860766237,2,4,0,5,81,2.822614687,2 Minute Rule
49,Other,1,2,1,6.428350383,1,0,0,5,55,1.587745503,Reward and Reinforcement
47,Male,5,3,3,4.525899017,3,9,1,3,58,6.0260383,2 Minute Rule
64,Female,4,5,2,4.394870564,2,4,0,4,20,5.010402395,Pomodoro
52,Other,3,4,1,9.347909238,1,5,1,3,22,5.415900924,Pomodoro
57,Male,3,5,5,6.782885498,4,0,1,3,11,0.565018174,Pomodoro
33,Other,1,3,1,5.920163899,5,6,1,5,49,7.456377618,Habit Stacking
30,Female,1,4,1,6.858767627,1,0,0,3,40,0.997176406,
59,Male,5,5,1,5.909824568,5,1,0,2,45,3.251044139,90/90/1 Rule
47,Female,5,1,3,6.934214652,2,1,0,3,98,3.520337372,2 Minute Rule
36,Female,2,4,1,9.157338382,2,4,0,2,46,0.510166434,90/90/1 Rule
34,Male,5,1,3,7.553808226,1,9,1,5,109,4.22816982,2 Minute Rule
36,Male,2,2,5,8.167922637,5,6,1,4,11,6.146067459,Pomodoro
45,Male,4,4,3,6.188024057,2,0,0,2,19,6.674514898,Pomodoro
43,Male,1,1,5,8.431035271,4,9,0,4,64,7.09547745,Pomodoro
54,Male,4,3,5,7.999702509,3,0,0,4,44,4.157891512,Pomodoro
43,Male,5,3,3,4.717371987,3,0,0,2,87,5.229771429,2 Minute Rule
40,Male,4,2,2,7.435857119,2,5,0,5,111,1.09639785,2 Minute Rule
26,Other,4,4,4,5.540460978,5,1,0,1,41,4.160286682,Pomodoro
29,Female,4,4,1,8.824574018,2,0,0,4,70,1.661118162,2 Minute Rule
18,Male,5,4,4,6.555626251,5,5,1,4,110,3.272323382,Pomodoro
18,Other,4,2,1,9.968104991,4,1,1,5,116,2.969789846,90/90/1 Rule
64,Other,2,4,1,4.555002628,5,5,1,5,59,3.676554329,
51,Other,5,3,5,8.682087176,2,9,1,3,81,4.787274635,Pomodoro
49,Female,4,1,1,8.042210401,4,7,0,5,108,7.271574853,90/90/1 Rule
42,Male,5,3,1,8.604992984,1,1,0,4,109,3.458634735,2 Minute Rule
57,Other,3,3,3,5.845178773,3,8,0,2,111,7.858483968,90/90/1 Rule
62,Female,2,1,4,6.952326936,2,7,0,1,111,6.19271036,Pomodoro
18,Female,4,3,3,8.779051118,2,9,0,3,99,4.336107851,2 Minute Rule
33,Female,3,2,1,5.39524799,2,0,1,2,84,5.330198278,90/90/1 Rule
56,Other,3,1,5,5.356199181,4,6,0,1,110,1.266681283,Pomodoro
22,Male,5,3,3,7.30630572,1,9,1,1,60,6.833911485,2 Minute Rule
39,Other,3,5,3,7.141381477,5,5,0,1,48,4.867680913,90/90/1 Rule
46,Other,2,3,2,5.693574822,1,5,1,2,61,7.895506102,90/90/1 Rule
20,Male,2,2,1,5.788453903,4,5,0,3,10,5.273215578,Pomodoro
29,Male,1,4,5,5.667070979,2,5,1,3,96,6.755836874,Pomodoro
43,Male,2,3,3,8.629072372,3,9,0,1,36,6.498220571,90/90/1 Rule
33,Female,3,4,3,7.911405193,2,6,0,2,112,3.090958636,90/90/1 Rule
54,Male,2,5,5,8.9945031,5,2,0,1,78,2.447079689,Pomodoro
39,Other,5,3,1,9.85283817,3,5,0,5,118,3.728701876,2 Minute Rule
46,Male,1,1,2,6.844985778,2,2,1,3,22,4.004310083,Pomodoro
31,Other,3,4,3,4.400163288,3,6,0,4,72,2.300635265,90/90/1 Rule
45,Female,1,5,2,4.288553862,1,6,1,1,77,7.20948405,90/90/1 Rule
22,Other,3,1,4,5.773990236,4,7,0,5,11,4.569108967,Pomodoro
64,Other,5,1,1,9.595267536,2,1,1,3,118,7.838332941,2 Minute Rule
47,Male,1,1,4,7.13927833,5,8,0,2,12,6.575133335,Pomodoro
63,Male,4,1,4,5.630719096,1,4,0,3,68,4.667786453,Pomodoro
22,Other,3,3,4,6.395000767,2,8,1,2,111,7.602802086,Pomodoro
29,Male,4,3,1,7.591570644,1,9,0,2,11,4.286561113,Pomodoro
33,Female,1,3,1,7.917697949,5,4,0,1,45,7.153298844,90/90/1 Rule
43,Female,4,5,5,4.923517059,2,6,1,1,44,3.186361859,Pomodoro
43,Male,4,5,2,9.862190059,5,8,0,3,7,3.339817876,Pomodoro
38,Female,1,5,2,7.268633362,3,3,1,5,21,3.625211298,Pomodoro
56,Male,5,2,5,4.814129907,5,1,0,3,70,4.599692345,Pomodoro
53,Other,4,5,5,9.36181152,3,8,1,4,83,4.651177026,Pomodoro
50,Other,4,3,4,4.447830586,2,1,1,2,114,4.222991913,Pomodoro
47,Female,5,3,5,9.446412599,3,5,1,4,97,2.795007302,Pomodoro
54,Male,4,2,3,9.979393938,2,9,1,1,118,7.454048486,2 Minute Rule
40,Male,4,2,2,8.202590795,2,1,0,5,116,4.91439573,2 Minute Rule
27,Female,4,5,5,8.622683326,4,2,0,1,56,3.558044121,Pomodoro
22,Other,2,4,3,6.023817019,2,5,1,4,26,5.383827206,Pomodoro
53,Female,5,2,3,9.649461116,3,2,0,3,8,6.259750684,Pomodoro
51,Other,4,1,3,7.178283797,4,9,0,3,120,7.705460662,90/90/1 Rule
48,Male,5,3,3,8.39433068,4,7,0,5,10,4.246618717,Pomodoro
27,Other,3,1,4,9.544646295,2,5,1,1,42,1.340738828,Pomodoro
36,Female,3,3,3,9.851079856,5,6,0,1,30,3.805743511,90/90/1 Rule
49,Male,4,3,4,8.99922614,5,0,0,1,15,4.092279211,Pomodoro
18,Female,5,2,4,5.818105042,4,2,1,3,94,7.227455586,Pomodoro
22,Female,5,2,3,9.799285099,2,2,0,1,21,3.461005763,Pomodoro
62,Other,5,1,2,7.768717187,5,1,1,5,92,7.649931987,90/90/1 Rule
21,Female,2,3,3,9.583854858,2,6,1,3,96,4.138489308,90/90/1 Rule
33,Other,3,3,3,8.056630155,2,8,1,4,103,7.803353757,90/90/1 Rule
41,Male,5,4,3,5.843433771,4,3,0,5,35,0.561487408,5 AM Club
33,Other,5,1,2,6.220147145,4,4,0,2,81,7.241115311,90/90/1 Rule
19,Male,2,5,1,7.302830663,1,2,1,4,39,7.48340339,
45,Other,2,1,1,8.740089049,5,8,1,5,20,7.707657018,Pomodoro
49,Female,5,5,4,5.907895308,5,3,1,1,83,0.598074006,Pomodoro
44,Other,1,5,4,7.478386997,5,4,1,2,111,1.787756274,Pomodoro
37,Other,5,5,2,6.073749961,3,0,1,4,22,5.403233773,Pomodoro
41,Male,5,4,5,8.894616428,2,1,1,1,115,0.691045188,Pomodoro
29,Female,2,1,1,6.800368563,4,8,0,2,105,0.977067471,90/90/1 Rule
52,Other,2,1,4,4.460336961,5,1,1,3,116,2.158091553,Pomodoro
50,Female,5,4,1,4.996315129,1,4,1,1,66,4.343298266,2 Minute Rule
50,Other,5,3,2,4.366628006,5,7,1,5,116,4.594269195,90/90/1 Rule
60,Other,5,2,2,7.995817676,2,2,0,4,117,0.756958421,2 Minute Rule
54,Female,2,1,5,4.638023784,2,5,0,2,109,1.777754381,Pomodoro
29,Other,5,2,5,4.684839816,4,3,0,1,31,4.24779255,Pomodoro
20,Female,5,4,2,9.64628956,3,6,0,3,39,4.954554657,2 Minute Rule
18,Other,4,3,4,9.235930433,4,9,1,4,120,1.613012724,Pomodoro
50,Male,1,3,1,6.712519581,5,2,0,4,49,3.49131059,Habit Stacking
57,Female,3,3,1,9.914831925,1,5,1,1,39,7.283010774,90/90/1 Rule
27,Other,1,4,5,4.001119169,4,9,1,3,32,7.991744653,Pomodoro
60,Other,4,5,3,7.683876738,3,8,1,2,107,7.904108411,2 Minute Rule
61,Male,3,5,4,7.698569064,4,9,1,1,106,7.112558827,Pomodoro
46,Female,5,2,5,6.744658335,2,0,1,2,13,3.45995066,Pomodoro
30,Other,4,5,3,6.381687838,5,2,1,4,80,5.649307191,90/90/1 Rule
29,Male,5,5,4,6.732298813,5,1,0,2,19,3.624441708,Pomodoro
48,Other,2,3,1,6.489762616,5,7,0,3,25,5.363952701,Pomodoro
63,Female,4,3,4,8.382954865,5,6,0,5,56,2.820743532,Pomodoro
19,Other,2,2,5,4.81213261,5,1,0,3,39,5.046516902,Pomodoro
52,Other,4,1,2,5.185835324,5,5,0,2,110,4.428188724,90/90/1 Rule
40,Other,4,2,1,5.08310937,1,2,1,1,101,0.683601994,2 Minute Rule
34,Other,2,2,3,5.574823511,3,7,0,4,55,6.430271778,Habit Stacking
43,Male,3,4,5,7.151550513,5,9,0,2,87,0.589233742,Pomodoro
25,Male,1,4,2,4.667252484,3,2,0,1,59,2.698669567,90/90/1 Rule
46,Female,5,2,4,9.209015772,5,9,1,1,91,0.544430491,Pomodoro
43,Male,4,2,2,5.784169188,4,8,1,3,81,3.3215106,90/90/1 Rule
27,Male,5,2,5,4.975227925,5,0,1,2,48,0.973703961,Pomodoro
43,Female,2,5,5,8.053727858,2,4,0,3,69,7.351332251,Pomodoro
51,Male,5,4,2,4.228517804,1,2,0,2,119,3.617594714,2 Minute Rule
58,Male,2,2,4,7.719811389,4,5,0,3,97,3.946218311,Pomodoro
24,Female,5,3,2,8.189190584,4,9,0,1,92,3.123876771,90/90/1 Rule
21,Female,1,3,5,5.289499188,2,1,0,3,84,5.206296157,Pomodoro
62,Female,1,5,5,4.251784441,5,8,1,2,29,6.383060875,Pomodoro
28,Other,1,5,3,6.181872154,1,5,0,5,91,5.361100573,90/90/1 Rule
46,Other,1,1,3,4.591565381,4,6,1,5,96,6.111553388,90/90/1 Rule
53,Other,1,3,1,4.698867098,1,4,0,1,51,7.294802476,90/90/1 Rule
42,Female,1,3,5,5.525567389,4,8,1,3,84,6.976598988,Pomodoro
38,Female,2,5,3,5.772807548,5,0,1,3,111,5.555438396,90/90/1 Rule
53,Other,4,5,2,7.179822046,4,4,1,1,60,2.109784722,90/90/1 Rule
27,Other,5,5,4,8.070351313,4,9,1,5,42,5.282771383,Pomodoro
54,Male,1,3,2,7.556625645,3,5,0,5,15,4.295623218,Pomodoro
26,Male,2,5,4,4.890162024,5,6,0,3,71,5.879144233,Pomodoro
41,Female,2,3,3,5.032516195,2,3,0,2,19,6.746987363,Pomodoro
52,Other,2,1,1,9.272615499,2,0,1,4,5,6.070411229,Pomodoro
52,Other,4,1,2,7.35011389,5,7,0,2,11,6.849208775,Pomodoro
53,Other,5,1,2,9.219626997,2,9,0,5,5,0.9789978,Pomodoro
35,Female,4,2,2,6.229279068,5,3,0,2,53,0.737150287,90/90/1 Rule
56,Male,3,2,4,7.686400045,2,2,0,4,100,2.438754258,Pomodoro
49,Female,2,4,3,7.141980496,3,6,1,2,77,7.254995631,90/90/1 Rule
41,Male,3,4,2,5.914740939,2,1,1,2,33,6.677444382,90/90/1 Rule
40,Male,1,4,2,6.819492232,4,7,0,2,30,5.620454733,90/90/1 Rule
49,Female,1,2,1,7.014945261,5,5,0,2,91,5.755690006,90/90/1 Rule
54,Male,4,2,1,5.204625849,1,6,0,1,49,5.950028519,2 Minute Rule
29,Male,5,4,3,5.890062234,1,4,1,5,111,7.569520254,2 Minute Rule
30,Other,3,4,3,8.748458503,4,8,1,4,97,7.376049336,90/90/1 Rule
40,Male,5,5,5,9.494729437,3,4,1,5,120,5.175427903,Pomodoro
42,Female,4,4,1,6.158764561,2,4,0,1,106,5.492865764,2 Minute Rule
52,Female,1,3,5,5.841833693,3,2,1,1,101,2.103051965,Pomodoro
58,Male,5,3,4,5.171182987,1,0,1,1,75,5.429891189,Pomodoro
47,Other,5,2,5,8.070947012,5,1,1,1,16,3.685092593,Pomodoro
34,Other,1,4,2,5.93859821,5,7,1,2,99,1.64721403,90/90/1 Rule
37,Male,3,2,5,9.926497235,3,0,1,5,36,6.548021144,Pomodoro
42,Male,1,2,3,5.954108812,3,6,0,3,24,4.326853249,Pomodoro
39,Female,5,2,4,6.364816281,2,4,0,4,55,7.830687813,Pomodoro
30,Male,3,3,2,7.620005177,4,2,0,1,85,2.612595159,90/90/1 Rule
36,Other,3,1,5,8.810105759,4,6,0,5,40,4.105025842,Pomodoro
53,Male,1,4,4,6.817111992,2,8,1,1,71,3.85996591,Pomodoro
29,Female,5,1,4,6.535936203,4,1,0,1,5,1.405846418,Pomodoro
58,Female,4,1,2,9.973827002,1,7,0,1,118,3.695864591,2 Minute Rule
36,Female,5,1,5,4.062961847,4,8,0,1,31,2.656650923,Pomodoro
29,Female,4,2,4,9.370391733,2,2,1,1,115,1.702403535,Pomodoro
26,Female,4,5,4,4.894844956,4,1,0,4,44,2.61616688,Pomodoro
24,Male,3,2,1,8.715551657,5,6,1,5,101,2.249387684,90/90/1 Rule
45,Male,4,2,4,6.726670381,3,4,1,1,88,6.005551483,Pomodoro
31,Male,3,1,1,6.051083713,1,4,1,1,18,0.730813837,Pomodoro
48,Male,3,2,5,9.243249733,5,9,0,1,104,5.130970609,Pomodoro
36,Female,4,1,5,4.077443368,5,4,1,1,73,6.204960065,Pomodoro
64,Other,3,5,5,5.360143912,2,3,0,2,91,4.105425924,Pomodoro
33,Male,3,4,3,7.401356777,3,4,0,2,113,7.48673735,90/90/1 Rule
22,Other,2,1,5,6.10925356,3,3,0,3,83,5.809105214,Pomodoro
52,Male,5,5,4,7.662264972,1,5,1,1,10,6.109427385,Pomodoro
29,Male,5,4,2,4.14466116,2,3,1,3,37,1.977001156,2 Minute Rule
42,Other,2,3,1,4.698753583,1,1,0,4,59,6.329716819,Habit Stacking
38,Female,4,1,3,4.762577441,4,8,1,3,23,6.740710521,Pomodoro
53,Male,1,1,5,5.135701875,5,1,1,5,81,3.209497913,Pomodoro
40,Male,1,3,5,6.755988645,1,8,1,2,33,2.10022301,Pomodoro
33,Male,1,3,2,8.512772197,5,9,0,2,65,3.387880094,90/90/1 Rule
56,Other,2,1,2,9.433233028,5,5,1,1,74,6.047059768,90/90/1 Rule
62,Female,2,3,3,9.012235182,4,8,1,1,83,3.632292544,90/90/1 Rule
59,Other,3,2,1,5.181327231,2,8,0,4,84,6.024889064,90/90/1 Rule
56,Other,1,4,5,6.646903313,4,2,1,4,28,1.351734057,Pomodoro
31,Female,4,4,3,5.196469587,4,0,0,5,27,6.545087829,Pomodoro
48,Other,4,4,4,5.5868309,5,0,1,1,116,2.399056112,Pomodoro
22,Female,1,2,4,7.021281889,2,2,1,1,14,2.366967408,Pomodoro
52,Male,1,3,3,4.408654148,2,4,1,4,58,4.927857239,Habit Stacking
40,Female,1,5,5,5.309045978,1,2,1,4,109,1.025885343,Pomodoro
46,Male,2,3,3,9.612268968,2,8,1,4,45,0.69723295,Habit Stacking
60,Other,2,1,5,6.796697756,1,8,1,2,53,2.45771499,Pomodoro
28,Other,2,4,2,6.672319156,3,2,0,3,21,4.535506631,Pomodoro
35,Male,5,3,3,4.087402929,3,2,1,3,117,7.307122897,2 Minute Rule
64,Other,4,5,5,5.484398482,3,4,1,1,60,6.848263822,Pomodoro
29,Female,4,1,3,9.197754616,2,1,1,2,112,4.178348449,2 Minute Rule
26,Male,3,2,3,4.98777057,2,5,0,4,49,0.777889953,Habit Stacking
27,Other,4,4,5,6.490749637,1,6,0,1,34,4.51439551,Pomodoro
61,Male,5,5,5,4.085985435,4,8,0,2,48,5.785966999,Pomodoro
34,Female,5,1,1,6.87001289,1,5,1,5,114,3.043733994,2 Minute Rule
55,Female,4,4,3,4.12612664,3,2,1,2,78,1.332974775,2 Minute Rule
24,Other,2,3,4,8.917657318,1,4,0,1,59,2.589259649,Pomodoro
63,Female,3,1,3,8.949122605,4,3,0,3,23,6.286916484,Pomodoro
30,Female,2,2,3,8.72645313,2,4,0,4,33,3.134328742,Habit Stacking
57,Female,1,5,5,5.700184413,1,7,1,5,6,6.58986118,Pomodoro
59,Male,2,3,3,9.023423309,3,7,0,2,40,2.896205289,90/90/1 Rule
26,Male,1,3,3,7.257988796,3,5,1,1,23,1.726662788,Pomodoro
44,Female,1,5,4,6.242848653,2,0,1,1,11,3.768862696,Pomodoro
19,Other,3,5,5,7.751979758,1,7,1,4,30,3.892058842,Pomodoro
22,Female,4,1,3,4.074046276,4,7,0,1,83,0.620811639,90/90/1 Rule
46,Male,2,4,2,4.857765266,2,1,1,1,115,1.377838045,90/90/1 Rule
54,Male,1,3,1,8.453761229,1,3,0,4,42,1.886945141,Habit Stacking
55,Female,2,1,4,5.464969652,5,1,0,5,7,1.35190488,Pomodoro
36,Other,4,4,3,7.588054704,3,3,0,3,106,3.061445566,2 Minute Rule
25,Other,4,1,2,6.310615617,4,9,0,3,84,7.734671417,90/90/1 Rule
62,Male,5,1,3,9.128834673,4,6,1,2,70,4.319169037,90/90/1 Rule
18,Male,4,5,3,9.714491836,4,8,1,5,99,5.206670179,90/90/1 Rule
39,Other,3,4,5,9.30138837,3,7,1,2,96,3.172898589,Pomodoro
34,Female,1,3,5,5.623719968,1,8,1,3,75,2.926158212,Pomodoro
24,Male,5,3,5,5.164977214,2,7,0,4,98,0.673600789,Pomodoro
42,Male,3,4,2,6.846609362,1,1,0,1,47,4.252502418,90/90/1 Rule
62,Other,2,5,3,4.044004905,2,6,0,3,66,4.127067551,90/90/1 Rule
21,Female,1,2,1,4.154856357,4,1,0,5,75,1.683730446,90/90/1 Rule
53,Other,4,1,4,7.319743838,1,1,1,3,104,6.232430002,Pomodoro
23,Female,1,5,3,7.122696425,4,3,0,5,97,4.195057477,Pomodoro
48,Female,2,4,5,9.967491934,5,0,1,5,28,3.042454776,Pomodoro
36,Female,5,1,3,5.211051012,4,4,0,5,120,1.601816818,90/90/1 Rule
61,Male,5,3,3,7.548623575,4,5,0,2,43,4.641206202,90/90/1 Rule
56,Other,5,2,2,4.681243854,2,8,0,4,72,6.146127696,2 Minute Rule
44,Other,4,3,2,9.505258058,5,9,0,3,97,2.614995145,90/90/1 Rule
27,Female,4,4,5,8.666867467,4,9,1,4,48,2.140957637,Pomodoro
43,Male,3,1,3,8.934034669,4,1,1,1,9,4.41451223,Pomodoro
36,Male,1,4,1,9.416582728,5,0,1,3,59,1.665074769,
56,Other,4,1,4,7.14939992,5,1,1,4,97,5.499600399,Pomodoro
20,Male,5,5,3,6.707159149,1,6,0,4,34,5.04007721,2 Minute Rule
62,Female,5,4,4,4.491794408,3,1,0,2,47,6.027472338,Pomodoro
35,Male,4,5,1,7.881023374,3,9,1,5,46,1.835152432,2 Minute Rule
55,Female,2,4,1,7.74987849,4,2,1,3,85,6.685109294,90/90/1 Rule
52,Female,4,5,4,7.830103465,1,9,1,1,114,2.570889743,Pomodoro
32,Other,4,3,3,5.842873889,5,8,0,3,26,7.477749934,Pomodoro
42,Female,5,2,3,9.15807751,3,2,0,1,72,3.234799933,2 Minute Rule
54,Female,4,4,2,9.756833098,4,1,0,5,23,6.932452978,Pomodoro
45,Other,4,1,1,5.306275078,1,8,1,4,70,2.496751209,2 Minute Rule
27,Female,3,2,4,4.528912949,5,9,1,2,43,4.358952024,Pomodoro
56,Female,5,1,1,5.167210199,4,8,1,5,77,1.301639716,90/90/1 Rule
34,Female,1,2,5,8.923312836,5,3,0,1,23,5.450891772,Pomodoro
56,Female,2,2,1,8.059867809,3,8,1,1,20,6.770594564,Pomodoro
39,Other,4,5,1,7.816284054,1,2,0,1,58,5.88835461,2 Minute Rule
43,Female,2,4,3,6.410758811,4,6,1,2,77,7.254995631,90/90/1 Rule
61,Female,1,4,4,7.466967829,1,6,0,2,116,0.83836909,Pomodoro
42,Other,2,2,1,5.847244752,3,7,0,3,22,7.500807554,Pomodoro
34,Male,1,3,3,6.863200477,1,9,0,4,27,5.791171614,Pomodoro
30,Other,3,3,2,8.75837817,1,3,1,2,89,6.093981788,90/90/1 Rule
37,Male,4,1,3,9.887449585,2,2,1,1,15,6.460168202,Pomodoro
42,Other,1,1,3,9.594933542,1,2,0,2,43,6.108075694,90/90/1 Rule
21,Other,2,5,3,9.603195657,5,4,1,5,109,3.808371231,90/90/1 Rule
27,Female,4,2,1,6.413342409,4,0,1,1,72,6.00216372,90/90/1 Rule
20,Male,3,1,1,6.812739283,2,9,0,4,29,5.187700909,Pomodoro
58,Female,4,1,2,8.233812378,4,2,0,1,67,6.905122503,90/90/1 Rule
62,Male,1,2,5,9.533151568,4,5,1,4,100,6.518448615,Pomodoro
35,Other,3,5,5,4.851965556,3,2,1,2,77,6.278610898,Pomodoro
64,Other,2,1,5,5.825451183,3,4,1,3,49,3.341653177,Pomodoro
53,Male,3,5,2,4.835481068,2,8,1,3,94,0.760371141,90/90/1 Rule
64,Female,3,4,5,7.67205118,3,1,0,2,65,1.265561936,Pomodoro
39,Female,5,5,5,5.837805981,3,1,1,2,104,5.010580415,Pomodoro
51,Female,3,3,3,5.956647115,3,5,0,4,55,7.053663659,Habit Stacking
64,Female,3,3,1,4.425495757,4,5,0,1,102,1.39868569,90/90/1 Rule
25,Other,4,5,1,6.098776371,2,7,1,5,13,3.883169656,Pomodoro
57,Other,2,3,3,9.174979044,4,1,1,5,80,7.331591786,90/90/1 Rule
61,Other,4,4,3,5.398436871,5,8,1,1,6,6.607257378,Pomodoro
36,Other,4,2,3,8.171124797,4,1,0,1,106,4.397509223,90/90/1 Rule
59,Other,1,3,1,7.77777007,5,0,0,3,9,6.286785795,Pomodoro
58,Female,4,3,5,9.18090765,1,9,0,5,66,4.420203305,Pomodoro
54,Female,5,5,3,4.793727686,1,1,0,4,73,1.68569253,2 Minute Rule
23,Female,5,2,2,7.747983846,3,7,1,5,63,2.577483638,2 Minute Rule
43,Female,1,3,2,5.495771876,5,7,0,3,90,1.912761741,90/90/1 Rule
51,Other,2,5,4,9.972844914,4,4,0,5,9,3.131915712,Pomodoro
62,Other,2,5,3,9.469088355,5,5,1,1,63,7.478969508,90/90/1 Rule
23,Other,4,4,1,5.329103633,2,0,0,5,72,6.497588102,2 Minute Rule
54,Male,4,2,3,4.336972059,1,5,0,4,13,3.746011709,Pomodoro
50,Female,4,4,4,5.533834563,1,7,1,3,97,4.198075323,Pomodoro
39,Female,2,2,2,7.165381894,5,2,0,1,26,2.492070932,Pomodoro
38,Other,3,4,5,5.029578202,3,0,0,4,31,5.782647174,Pomodoro
23,Female,5,5,3,5.004758467,3,3,0,2,14,6.520742536,Pomodoro
23,Female,3,5,4,6.775561283,5,0,0,3,84,2.291785218,Pomodoro
21,Other,3,1,4,4.199607827,2,7,1,4,110,0.813662178,Pomodoro
47,Male,2,3,2,4.731328495,3,4,0,4,110,5.179167074,90/90/1 Rule
28,Male,3,4,1,6.495168168,5,0,1,1,65,4.718840894,90/90/1 Rule
47,Male,1,1,3,4.378779455,2,7,0,2,55,3.515983663,90/90/1 Rule
48,Other,4,3,4,6.380530339,2,8,1,4,14,5.329204563,Pomodoro
41,Female,1,4,2,6.844037596,4,9,1,3,10,4.629599735,Pomodoro
26,Other,5,2,5,6.707599684,2,1,1,4,66,2.379361824,Pomodoro
20,Other,4,3,4,9.215049144,3,8,0,5,117,3.482967317,Pomodoro
48,Female,3,5,2,7.18037473,3,7,0,3,9,3.710851773,Pomodoro
57,Male,5,1,1,6.807882775,5,6,0,3,74,7.101859959,90/90/1 Rule
54,Male,4,3,1,6.464255472,5,2,1,4,67,7.706781156,90/90/1 Rule
53,Other,3,3,4,8.90574027,2,1,0,1,60,7.197510218,Pomodoro
41,Male,1,5,4,9.370339624,1,6,0,3,63,5.89383518,Pomodoro
48,Other,4,4,3,9.119454815,4,4,0,5,67,4.887445502,90/90/1 Rule
23,Other,3,2,2,7.041279469,5,5,0,1,115,5.669462266,90/90/1 Rule
19,Female,1,5,4,4.824170476,2,3,1,1,93,7.543319155,Pomodoro
37,Female,4,2,3,7.661219817,2,1,1,1,63,2.374990514,2 Minute Rule
45,Female,5,4,3,4.276378382,1,8,0,3,55,4.513403808,2 Minute Rule
28,Other,1,5,1,8.4962741,3,7,1,1,59,4.676938268,90/90/1 Rule
53,Male,3,5,3,9.507045299,2,2,1,2,99,1.311699851,90/90/1 Rule
30,Female,2,2,4,7.648173745,4,8,1,5,23,7.499827853,Pomodoro
60,Female,4,2,1,5.39581983,2,0,1,1,66,3.001342652,2 Minute Rule
20,Other,4,5,5,8.501564765,5,3,1,1,103,2.142275953,Pomodoro
50,Female,4,4,4,5.533834563,1,7,1,3,97,4.198075323,Pomodoro
39,Female,2,2,2,7.165381894,5,2,0,1,26,2.492070932,Pomodoro
38,Other,3,4,5,5.029578202,3,0,0,4,31,5.782647174,Pomodoro
23,Female,5,5,3,5.004758467,3,3,0,2,14,6.520742536,Pomodoro
23,Female,3,5,4,6.775561283,5,0,0,3,84,2.291785218,Pomodoro
21,Other,3,1,4,4.199607827,2,7,1,4,110,0.813662178,Pomodoro
47,Male,2,3,2,4.731328495,3,4,0,4,110,5.179167074,90/90/1 Rule
28,Male,3,4,1,6.495168168,5,0,1,1,65,4.718840894,90/90/1 Rule
47,Male,1,1,3,4.378779455,2,7,0,2,55,3.515983663,90/90/1 Rule
48,Other,4,3,4,6.380530339,2,8,1,4,14,5.329204563,Pomodoro
41,Female,1,4,2,6.844037596,4,9,1,3,10,4.629599735,Pomodoro
26,Other,5,2,5,6.707599684,2,1,1,4,66,2.379361824,Pomodoro
20,Other,4,3,4,9.215049144,3,8,0,5,117,3.482967317,Pomodoro
48,Female,3,5,2,7.18037473,3,7,0,3,9,3.710851773,Pomodoro
57,Male,5,1,1,6.807882775,5,6,0,3,74,7.101859959,90/90/1 Rule
54,Male,4,3,1,6.464255472,5,2,1,4,67,7.706781156,90/90/1 Rule
53,Other,3,3,4,8.90574027,2,1,0,1,60,7.197510218,Pomodoro
41,Male,1,5,4,9.370339624,1,6,0,3,63,5.89383518,Pomodoro
48,Other,4,4,3,9.119454815,4,4,0,5,67,4.887445502,90/90/1 Rule
23,Other,3,2,2,7.041279469,5,5,0,1,115,5.669462266,90/90/1 Rule
19,Female,1,5,4,4.824170476,2,3,1,1,93,7.543319155,Pomodoro
37,Female,4,2,3,7.661219817,2,1,1,1,63,2.374990514,2 Minute Rule
45,Female,5,4,3,4.276378382,1,8,0,3,55,4.513403808,2 Minute Rule
28,Other,1,5,1,8.4962741,3,7,1,1,59,4.676938268,90/90/1 Rule
53,Male,3,5,3,9.507045299,2,2,1,2,99,1.311699851,90/90/1 Rule
30,Female,2,2,4,7.648173745,4,8,1,5,23,7.499827853,Pomodoro
60,Female,4,2,1,5.39581983,2,0,1,1,66,3.001342652,2 Minute Rule
20,Other,4,5,5,8.501564765,5,3,1,1,103,2.142275953,Pomodoro
50,Female,4,4,4,5.533834563,1,7,1,3,97,4.198075323,Pomodoro
39,Female,2,2,2,7.165381894,5,2,0,1,26,2.492070932,Pomodoro
38,Other,3,4,5,5.029578202,3,0,0,4,31,5.782647174,Pomodoro
23,Female,5,5,3,5.004758467,3,3,0,2,14,6.520742536,Pomodoro
23,Female,3,5,4,6.775561283,5,0,0,3,84,2.291785218,Pomodoro
21,Other,3,1,4,4.199607827,2,7,1,4,110,0.813662178,Pomodoro
47,Male,2,3,2,4.731328495,3,4,0,4,110,5.179167074,90/90/1 Rule
28,Male,3,4,1,6.495168168,5,0,1,1,65,4.718840894,90/90/1 Rule
47,Male,1,1,3,4.378779455,2,7,0,2,55,3.515983663,90/90/1 Rule
48,Other,4,3,4,6.380530339,2,8,1,4,14,5.329204563,Pomodoro
41,Female,1,4,2,6.844037596,4,9,1,3,10,4.629599735,Pomodoro
26,Other,5,2,5,6.707599684,2,1,1,4,66,2.379361824,Pomodoro
20,Other,4,3,4,9.215049144,3,8,0,5,117,3.482967317,Pomodoro
48,Female,3,5,2,7.18037473,3,7,0,3,9,3.710851773,Pomodoro
57,Male,5,1,1,6.807882775,5,6,0,3,74,7.101859959,90/90/1 Rule
54,Male,4,3,1,6.464255472,5,2,1,4,67,7.706781156,90/90/1 Rule
53,Other,3,3,4,8.90574027,2,1,0,1,60,7.197510218,Pomodoro
41,Male,1,5,4,9.370339624,1,6,0,3,63,5.89383518,Pomodoro
48,Other,4,4,3,9.119454815,4,4,0,5,67,4.887445502,90/90/1 Rule
23,Other,3,2,2,7.041279469,5,5,0,1,115,5.669462266,90/90/1 Rule
19,Female,1,5,4,4.824170476,2,3,1,1,93,7.543319155,Pomodoro
37,Female,4,2,3,7.661219817,2,1,1,1,63,2.374990514,2 Minute Rule
45,Female,5,4,3,4.276378382,1,8,0,3,55,4.513403808,2 Minute Rule
28,Other,1,5,1,8.4962741,3,7,1,1,59,4.676938268,90/90/1 Rule
53,Male,3,5,3,9.507045299,2,2,1,2,99,1.311699851,90/90/1 Rule
30,Female,2,2,4,7.648173745,4,8,1,5,23,7.499827853,Pomodoro
60,Female,4,2,1,5.39581983,2,0,1,1,66,3.001342652,2 Minute Rule
20,Other,4,5,5,8.501564765,5,3,1,1,103,2.142275953,Pomodoro
50,Female,4,4,4,5.533834563,1,7,1,3,97,4.198075323,Pomodoro
39,Female,2,2,2,7.165381894,5,2,0,1,26,2.492070932,Pomodoro
38,Other,3,4,5,5.029578202,3,0,0,4,31,5.782647174,Pomodoro
23,Female,5,5,3,5.004758467,3,3,0,2,14,6.520742536,Pomodoro
23,Female,3,5,4,6.775561283,5,0,0,3,84,2.291785218,Pomodoro
21,Other,3,1,4,4.199607827,2,7,1,4,110,0.813662178,Pomodoro
47,Male,2,3,2,4.731328495,3,4,0,4,110,5.179167074,90/90/1 Rule
28,Male,3,4,1,6.495168168,5,0,1,1,65,4.718840894,90/90/1 Rule
47,Male,1,1,3,4.378779455,2,7,0,2,55,3.515983663,90/90/1 Rule
48,Other,4,3,4,6.380530339,2,8,1,4,14,5.329204563,Pomodoro
41,Female,1,4,2,6.844037596,4,9,1,3,10,4.629599735,Pomodoro
26,Other,5,2,5,6.707599684,2,1,1,4,66,2.379361824,Pomodoro
20,Other,4,3,4,9.215049144,3,8,0,5,117,3.482967317,Pomodoro
48,Female,3,5,2,7.18037473,3,7,0,3,9,3.710851773,Pomodoro
57,Male,5,1,1,6.807882775,5,6,0,3,74,7.101859959,90/90/1 Rule
54,Male,4,3,1,6.464255472,5,2,1,4,67,7.706781156,90/90/1 Rule
53,Other,3,3,4,8.90574027,2,1,0,1,60,7.197510218,Pomodoro
41,Male,1,5,4,9.370339624,1,6,0,3,63,5.89383518,Pomodoro
48,Other,4,4,3,9.119454815,4,4,0,5,67,4.887445502,90/90/1 Rule
23,Other,3,2,2,7.041279469,5,5,0,1,115,5.669462266,90/90/1 Rule
19,Female,1,5,4,4.824170476,2,3,1,1,93,7.543319155,Pomodoro
37,Female,4,2,3,7.661219817,2,1,1,1,63,2.374990514,2 Minute Rule
45,Female,5,4,3,4.276378382,1,8,0,3,55,4.513403808,2 Minute Rule
28,Other,1,5,1,8.4962741,3,7,1,1,59,4.676938268,90/90/1 Rule
53,Male,3,5,3,9.507045299,2,2,1,2,99,1.311699851,90/90/1 Rule
30,Female,2,2,4,7.648173745,4,8,1,5,23,7.499827853,Pomodoro
60,Female,4,2,1,5.39581983,2,0,1,1,66,3.001342652,2 Minute Rule
20,Other,4,5,5,8.501564765,5,3,1,1,103,2.142275953,Pomodoro
50,Female,4,4,4,5.533834563,1,7,1,3,97,4.198075323,Pomodoro
39,Female,2,2,2,7.165381894,5,2,0,1,26,2.492070932,Pomodoro
38,Other,3,4,5,5.029578202,3,0,0,4,31,5.782647174,Pomodoro
23,Female,5,5,3,5.004758467,3,3,0,2,14,6.520742536,Pomodoro
23,Female,3,5,4,6.775561283,5,0,0,3,84,2.291785218,Pomodoro
21,Other,3,1,4,4.199607827,2,7,1,4,110,0.813662178,Pomodoro
47,Male,2,3,2,4.731328495,3,4,0,4,110,5.179167074,90/90/1 Rule
28,Male,3,4,1,6.495168168,5,0,1,1,65,4.718840894,90/90/1 Rule
47,Male,1,1,3,4.378779455,2,7,0,2,55,3.515983663,90/90/1 Rule
48,Other,4,3,4,6.380530339,2,8,1,4,14,5.329204563,Pomodoro
41,Female,1,4,2,6.844037596,4,9,1,3,10,4.629599735,Pomodoro
26,Other,5,2,5,6.707599684,2,1,1,4,66,2.379361824,Pomodoro
20,Other,4,3,4,9.215049144,3,8,0,5,117,3.482967317,Pomodoro
48,Female,3,5,2,7.18037473,3,7,0,3,9,3.710851773,Pomodoro
57,Male,5,1,1,6.807882775,5,6,0,3,74,7.101859959,90/90/1 Rule
54,Male,4,3,1,6.464255472,5,2,1,4,67,7.706781156,90/90/1 Rule
53,Other,3,3,4,8.90574027,2,1,0,1,60,7.197510218,Pomodoro
41,Male,1,5,4,9.370339624,1,6,0,3,63,5.89383518,Pomodoro
48,Other,4,4,3,9.119454815,4,4,0,5,67,4.887445502,90/90/1 Rule
23,Other,3,2,2,7.041279469,5,5,0,1,115,5.669462266,90/90/1 Rule
19,Female,1,5,4,4.824170476,2,3,1,1,93,7.543319155,Pomodoro
37,Female,4,2,3,7.661219817,2,1,1,1,63,2.374990514,2 Minute Rule
45,Female,5,4,3,4.276378382,1,8,0,3,55,4.513403808,2 Minute Rule
28,Other,1,5,1,8.4962741,3,7,1,1,59,4.676938268,90/90/1 Rule
53,Male,3,5,3,9.507045299,2,2,1,2,99,1.311699851,90/90/1 Rule
30,Female,2,2,4,7.648173745,4,8,1,5,23,7.499827853,Pomodoro
60,Female,4,2,1,5.39581983,2,0,1,1,66,3.001342652,2 Minute Rule
20,Other,4,5,5,8.501564765,5,3,1,1,103,2.142275953,Pomodoro
50,Female,4,4,4,5.533834563,1,7,1,3,97,4.198075323,Pomodoro
39,Female,2,2,2,7.165381894,5,2,0,1,26,2.492070932,Pomodoro
38,Other,3,4,5,5.029578202,3,0,0,4,31,5.782647174,Pomodoro
23,Female,5,5,3,5.004758467,3,3,0,2,14,6.520742536,Pomodoro
23,Female,3,5,4,6.775561283,5,0,0,3,84,2.291785218,Pomodoro
21,Other,3,1,4,4.199607827,2,7,1,4,110,0.813662178,Pomodoro
47,Male,2,3,2,4.731328495,3,4,0,4,110,5.179167074,90/90/1 Rule
28,Male,3,4,1,6.495168168,5,0,1,1,65,4.718840894,90/90/1 Rule
47,Male,1,1,3,4.378779455,2,7,0,2,55,3.515983663,90/90/1 Rule
48,Other,4,3,4,6.380530339,2,8,1,4,14,5.329204563,Pomodoro
41,Female,1,4,2,6.844037596,4,9,1,3,10,4.629599735,Pomodoro
26,Other,5,2,5,6.707599684,2,1,1,4,66,2.379361824,Pomodoro
20,Other,4,3,4,9.215049144,3,8,0,5,117,3.482967317,Pomodoro
48,Female,3,5,2,7.18037473,3,7,0,3,9,3.710851773,Pomodoro
57,Male,5,1,1,6.807882771,5,6,0,3,74,7.101859959,90/90/1 Rule
54,Male,4,3,1,6.464255472,5,2,1,4,67,7.706781156,90/90/1 Rule
53,Other,3,3,4,8.90574027,2,1,0,1,60,7.197510218,Pomodoro
41,Male,1,5,4,9.370339624,1,6,0,3,63,5.89383518,Pomodoro
48,Other,4,4,3,9.119454815,4,4,0,5,67,4.887445502,90/90/1 Rule
23,Other,3,2,2,7.041279469,5,5,0,1,115,5.669462266,90/90/1 Rule
19,Female,1,5,4,4.824170476,2,3,1,1,93,7.543319155,Pomodoro
37,Female,4,2,3,7.661219817,2,1,1,1,63,2.374990514,2 Minute Rule
45,Female,5,4,3,4.276378382,1,8,0,3,55,4.513403808,2 Minute Rule
28,Other,1,5,1,8.4962741,3,7,1,1,59,4.676938268,90/90/1 Rule
53,Male,3,5,3,9.507045299,2,2,1,2,99,1.311699851,90/90/1 Rule
30,Female,2,2,4,7.648173745,4,8,1,5,23,7.499827853,Pomodoro
60,Female,4,2,1,5.39581983,2,0,1,1,66,3.001342652,2 Minute Rule
20,Other,4,5,5,8.501564765,5,3,1,1,103,2.142275953,Pomodoro
50,Female,4,4,4,5.533834563,1,7,1,3,97,4.198075323,Pomodoro
39,Female,2,2,2,7.165381894,5,2,0,1,26,2.492070932,Pomodoro
38,Other,3,4,5,5.029578202,3,0,0,4,31,5.782647174,Pomodoro
23,Female,5,5,3,5.004758467,3,3,0,2,14,6.520742536,Pomodoro
23,Female,3,5,4,6.775561283,5,0,0,3,84,2.291785218,Pomodoro
21,Other,3,1,4,4.199607827,2,7,1,4,110,0.813662178,Pomodoro
47,Male,2,3,2,4.731328495,3,4,0,4,110,5.179167074,90/90/1 Rule
28,Male,3,4,1,6.495168168,5,0,1,1,65,4.718840894,90/90/1 Rule
47,Male,1,1,3,4.378779455,2,7,0,2,55,3.515983663,90/90/1 Rule
48,Other,4,3,4,6.380530339,2,8,1,4,14,5.329204563,Pomodoro
41,Female,1,4,2,6.844037596,4,9,1,3,10,4.629599735,Pomodoro
26,Other,5,2,5,6.707599684,2,1,1,4,66,2.379361824,Pomodoro
20,Other,4,3,4,9.215049144,3,8,0,5,117,3.482967317,Pomodoro
48,Female,3,5,2,7.18037473,3,7,0,3,9,3.710851773,Pomodoro
57,Male,5,1,1,6.807882771,5,6,0,3,74,7.101859959,90/90/1 Rule
54,Male,4,3,1,6.464255472,5,2,1,4,67,7.706781156,90/90/1 Rule
53,Other,3,3,4,8.90574027,2,1,0,1,60,7.197510218,Pomodoro
41,Male,1,5,4,9.370339624,1,6,0,3,63,5.89383518,Pomodoro
48,Other,4,4,3,9.119454815,4,4,0,5,67,4.887445502,90/90/1 Rule
23,Other,3,2,2,7.041279469,5,5,0,1,115,5.669462266,90/90/1 Rule
19,Female,1,5,4,4.824170476,2,3,1,1,93,7.543319155,Pomodoro
37,Female,4,2,3,7.661219817,2,1,1,1,63,2.374990514,2 Minute Rule
45,Female,5,4,3,4.276378382,1,8,0,3,55,4.513403808,2 Minute Rule
28,Other,1,5,1,8.4962741,3,7,1,1,59,4.676938268,90/90/1 Rule
53,Male,3,5,3,9.507045299,2,2,1,2,99,1.311699851,90/90/1 Rule
30,Female,2,2,4,7.648173745,4,8,1,5,23,7.499827853,Pomodoro
60,Female,4,2,1,5.39581983,2,0,1,1,66,3.001342652,2 Minute Rule
20,Other,4,5,5,8.501564765,5,3,1,1,103,2.142275953,Pomodoro
50,Female,4,4,4,5.533834563,1,7,1,3,97,4.198075323,Pomodoro
39,Female,2,2,2,7.165381894,5,2,0,1,26,2.492070932,Pomodoro
38,Other,3,4,5,5.029578202,3,0,0,4,31,5.782647174,Pomodoro
23,Female,5,5,3,5.004758467,3,3,0,2,14,6.520742536,Pomodoro
23,Female,3,5,4,6.775561283,5,0,0,3,84,2.291785218,Pomodoro
21,Other,3,1,4,4.199607827,2,7,1,4,110,0.813662178,Pomodoro
47,Male,2,3,2,4.731328495,3,4,0,4,110,5.179167074,90/90/1 Rule
28,Male,3,4,1,6.495168168,5,0,1,1,65,4.718840894,90/90/1 Rule
47,Male,1,1,3,4.378779455,2,7,0,2,55,3.515983663,90/90/1 Rule
48,Other,4,3,4,6.380530339,2,8,1,4,14,5.329204563,Pomodoro
41,Female,1,4,2,6.844037596,4,9,1,3,10,4.629599735,Pomodoro
26,Other,5,2,5,6.707599684,2,1,1,4,66,2.379361824,Pomodoro
20,Other,4,3,4,9.215049144,3,8,0,5,117,3.482967317,Pomodoro
48,Female,3,5,2,7.18037473,3,7,0,3,9,3.710851773,Pomodoro
57,Male,5,1,1,6.807882771,5,6,0,3,74,7.101859959,90/90/1 Rule
54,Male,4,3,1,6.464255472,5,2,1,4,67,7.706781156,90/90/1 Rule
53,Other,3,3,4,8.90574027,2,1,0,1,60,7.197510218,Pomodoro
41,Male,1,5,4,9.370339624,1,6,0,3,63,5.89383518,Pomodoro
48,Other,4,4,3,9.119454815,4,4,0,5,67,4.887445502,90/90/1 Rule
23,Other,3,2,2,7.041279469,5,5,0,1,115,5.669462266,90/90/1 Rule
19,Female,1,5,4,4.824170476,2,3,1,1,93,7.543319155,Pomodoro
37,Female,4,2,3,7.661219817,2,1,1,1,63,2.374990514,2 Minute Rule
45,Female,5,4,3,4.276378382,1,8,0,3,55,4.513403808,2 Minute Rule
28,Other,1,5,1,8.4962741,3,7,1,1,59,4.676938268,90/90/1 Rule
53,Male,3,5,3,9.507045299,2,2,1,2,99,1.311699851,90/90/1 Rule
30,Female,2,2,4,7.648173745,4,8,1,5,23,7.499827853,Pomodoro
60,Female,4,2,1,5.39581983,2,0,1,1,66,3.001342652,2 Minute Rule
20,Other,4,5,5,8.501564765,5,3,1,1,103,2.142275953,Pomodoro
50,Female,4,4,4,5.533834563,1,7,1,3,97,4.198075323,Pomodoro
39,Female,2,2,2,7.165381894,5,2,0,1,26,2.492070932,Pomodoro
38,Other,3,4,5,5.029578202,3,0,0,4,31,5.782647174,Pomodoro
23,Female,5,5,3,5.004758467,3,3,0,2,14,6.520742536,Pomodoro
23,Female,3,5,4,6.775561283,5,0,0,3,84,2.291785218,Pomodoro
21,Other,3,1,4,4.199607827,2,7,1,4,110,0.813662178,Pomodoro
47,Male,2,3,2,4.731328495,3,4,0,4,110,5.179167074,90/90/1 Rule
28,Male,3,4,1,6.495168168,5,0,1,1,65,4.718840894,90/90/1 Rule
47,Male,1,1,3,4.378779455,2,7,0,2,55,3.515983663,90/90/1 Rule
48,Other,4,3,4,6.380530339,2,8,1,4,14,5.329204563,Pomodoro
41,Female,1,4,2,6.844037596,4,9,1,3,10,4.629599735,Pomodoro
26,Other,5,2,5,6.707599684,2,1,1,4,66,2.379361824,Pomodoro
20,Other,4,3,4,9.215049144,3,8,0,5,117,3.482967317,Pomodoro
48,Female,3,5,2,7.18037473,3,7,0,3,9,3.710851773,Pomodoro
57,Male,5,1,1,6.807882771,5,6,0,3,74,7.101859959,90/90/1 Rule
54,Male,4,3,1,6.464255472,5,2,1,4,67,7.706781156,90/90/1 Rule
53,Other,3,3,4,8.90574027,2,1,0,1,60,7.197510218,Pomodoro
41,Male,1,5,4,9.370339624,1,6,0,3,63,5.89383518,Pomodoro
48,Other,4,4,3,9.119454815,4,4,0,5,67,4.887445502,90/90/1 Rule
23,Other,3,2,2,7.041279469,5,5,0,1,115,5.669462266,90/90/1 Rule
19,Female,1,5,4,4.824170476,2,3,1,1,93,7.543319155,Pomodoro
37,Female,4,2,3,7.661219817,2,1,1,1,63,2.374990514,2 Minute Rule
45,Female,5,4,3,4.276378382,1,8,0,3,55,4.513403808,2 Minute Rule
28,Other,1,5,1,8.4962741,3,7,1,1,59,4.676938268,90/90/1 Rule
53,Male,3,5,3,9.507045299,2,2,1,2,99,1.311699851,90/90/1 Rule
30,Female,2,2,4,7.648173745,4,8,1,5,23,7.499827853,Pomodoro
60,Female,4,2,1,5.39581983,2,0,1,1,66,3.001342652,2 Minute Rule
20,Other,4,5,5,8.501564765,5,3,1,1,103,2.142275953,Pomodoro
50,Female,4,4,4,5.533834563,1,7,1,3,97,4.198075323,Pomodoro
39,Female,2,2,2,7.165381894,5,2,0,1,26,2.492070932,Pomodoro
38,Other,3,4,5,5.029578202,3,0,0,4,31,5.782647174,Pomodoro
23,Female,5,5,3,5.004758467,3,3,0,2,14,6.520742536,Pomodoro
23,Female,3,5,4,6.775561283,5,0,0,3,84,2.291785218,Pomodoro
21,Other,3,1,4,4.199607827,2,7,1,4,110,0.813662178,Pomodoro
47,Male,2,3,2,4.731328495,3,4,0,4,110,5.179167074,90/90/1 Rule
28,Male,3,4,1,6.495168168,5,0,1,1,65,4.718840894,90/90/1 Rule
47,Male,1,1,3,4.378779455,2,7,0,2,55,3.515983663,90/90/1 Rule
48,Other,4,3,4,6.380530339,2,8,1,4,14,5.329204563,Pomodoro
41,Female,1,4,2,6.844037596,4,9,1,3,10,4.629599735,Pomodoro
26,Other,5,2,5,6.707599684,2,1,1,4,66,2.379361824,Pomodoro
20,Other,4,3,4,9.215049144,3,8,0,5,117,3.482967317,Pomodoro
48,Female,3,5,2,7.18037473,3,7,0,3,9,3.710851773,Pomodoro
57,Male,5,1,1,6.807882771,5,6,0,3,74,7.101859959,90/90/1 Rule
54,Male,4,3,1,6.464255472,5,2,1,4,67,7.706781156,90/90/1 Rule
53,Other,3,3,4,8.90574027,2,1,0,1,60,7.197510218,Pomodoro
41,Male,1,5,4,9.370339624,1,6,0,3,63,5.89383518,Pomodoro
48,Other,4,4,3,9.119454815,4,4,0,5,67,4.887445502,90/90/1 Rule
23,Other,3,2,2,7.041279469,5,5,0,1,115,5.669462266,90/90/1 Rule
19,Female,1,5,4,4.824170476,2,3,1,1,93,7.543319155,Pomodoro
37,Female,4,2,3,7.661219817,2,1,1,1,63,2.374990514,2 Minute Rule
45,Female,5,4,3,4.276378382,1,8,0,3,55,4.513403808,2 Minute Rule
28,Other,1,5,1,8.4962741,3,7,1,1,59,4.676938268,90/90/1 Rule
53,Male,3,5,3,9.507045299,2,2,1,2,99,1.311699851,90/90/1 Rule
30,Female,2,2,4,7.648173745,4,8,1,5,23,7.499827853,Pomodoro
60,Female,4,2,1,5.39581983,2,0,1,1,66,3.001342652,2 Minute Rule
20,Other,4,5,5,8.501564765,5,3,1,1,103,2.142275953,Pomodoro
50,Female,4,4,4,5.533834563,1,7,1,3,97,4.198075323,Pomodoro
39,Female,2,2,2,7.165381894,5,2,0,1,26,2.492070932,Pomodoro
38,Other,3,4,5,5.029578202,3,0,0,4,31,5.782647174,Pomodoro
23,Female,5,5,3,5.004758467,3,3,0,2,14,6.520742536,Pomodoro
23,Female,3,5,4,6.775561283,5,0,0,3,84,2.291785218,Pomodoro
21,Other,3,1,4,4.199607827,2,7,1,4,110,0.813662178,Pomodoro
47,Male,2,3,2,4.731328495,3,4,0,4,110,5.179167074,90/90/1 Rule
28,Male,3,4,1,6.495168168,5,0,1,1,65,4.718840894,90/90/1 Rule
47,Male,1,1,3,4.378779455,2,7,0,2,55,3.515983663,90/90/1 Rule
48,Other,4,3,4,6.380530339,2,8,1,4,14,5.329204563,Pomodoro
41,Female,1,4,2,6.844037596,4,9,1,3,10,4.629599735,Pomodoro
26,Other,5,2,5,6.707599684,2,1,1,4,66,2.379361824,Pomodoro
20,Other,4,3,4,9.215049144,3,8,0,5,117,3.482967317,Pomodoro
48,Female,3,5,2,7.18037473,3,7,0,3,9,3.710851773,Pomodoro
57,Male,5,1,1,6.807882771,5,6,0,3,74,7.101859959,90/90/1 Rule
54,Male,4,3,1,6.464255472,5,2,1,4,67,7.706781156,90/90/1 Rule
53,Other,3,3,4,8.90574027,2,1,0,1,60,7.197510218,Pomodoro
41,Male,1,5,4,9.370339624,1,6,0,3,63,5.89383518,Pomodoro
48,Other,4,4,3,9.119454815,4,4,0,5,67,4.887445502,90/90/1 Rule
23,Other,3,2,2,7.041279469,5,5,0,1,115,5.669462266,90/90/1 Rule
19,Female,1,5,4,4.824170476,2,3,1,1,93,7.543319155,Pomodoro
37,Female,4,2,3,7.661219817,2,1,1,1,63,2.374990514,2 Minute Rule
45,Female,5,4,3,4.276378382,1,8,0,3,55,4.513403808,2 Minute Rule
28,Other,1,5,1,8.4962741,3,7,1,1,59,4.676938268,90/90/1 Rule
53,Male,3,5,3,9.507045299,2,2,1,2,99,1.311699851,90/90/1 Rule
30,Female,2,2,4,7.648173745,4,8,1,5,23,7.499827853,Pomodoro
60,Female,4,2,1,5.39581983,2,0,1,1,66,3.001342652,2 Minute Rule
20,Other,4,5,5,8.501564765,5,3,1,1,103,2.142275953,Pomodoro
50,Female,4,4,4,5.533834563,1,7,1,3,97,4.198075323,Pomodoro
39,Female,2,2,2,7.165381894,5,2,0,1,26,2.492070932,Pomodoro
38,Other,3,4,5,5.029578202,3,0,0,4,31,5.782647174,Pomodoro
23,Female,5,5,3,5.004758467,3,3,0,2,14,6.520742536,Pomodoro
23,Female,3,5,4,6.775561283,5,0,0,3,84,2.291785218,Pomodoro
21,Other,3,1,4,4.199607827,2,7,1,4,110,0.813662178,Pomodoro
47,Male,2,3,2,4.731328495,3,4,0,4,110,5.179167074,90/90/1 Rule
28,Male,3,4,1,6.495168168,5,0,1,1,65,4.718840894,90/90/1 Rule
47,Male,1,1,3,4.378779455,2,7,0,2,55,3.515983663,90/90/1 Rule
48,Other,4,3,4,6.380530339,2,8,1,4,14,5.329204563,Pomodoro
41,Female,1,4,2,6.844037596,4,9,1,3,10,4.629599735,Pomodoro
26,Other,5,2,5,6.707599684,2,1,1,4,66,2.379361824,Pomodoro
20,Other,4,3,4,9.215049144,3,8,0,5,117,3.482967317,Pomodoro
48,Female,3,5,2,7.18037473,3,7,0,3,9,3.710851773,Pomodoro
57,Male,5,1,1,6.807882771,5,6,0,3,74,7.101859959,90/90/1 Rule
54,Male,4,3,1,6.464255472,5,2,1,4,67,7.706781156,90/90/1 Rule
53,Other,3,3,4,8.90574027,2,1,0,1,60,7.197510218,Pomodoro
41,Male,1,5,4,9.370339624,1,6,0,3,63,5.89383518,Pomodoro
48,Other,4,4,3,9.119454815,4,4,0,5,67,4.887445502,90/90/1 Rule
23,Other,3,2,2,7.041279469,5,5,0,1,115,5.669462266,90/90/1 Rule
19,Female,1,5,4,4.824170476,2,3,1,1,93,7.543319155,Pomodoro
37,Female,4,2,3,7.661219817,2,1,1,1,63,2.374990514,2 Minute Rule
45,Female,5,4,3,4.276378382,1,8,0,3,55,4.513403808,2 Minute Rule
28,Other,1,5,1,8.4962741,3,7,1,1,59,4.676938268,90/90/1 Rule
53,Male,3,5,3,9.507045299,2,2,1,2,99,1.311699851,90/90/1 Rule
30,Female,2,2,4,7.648173745,4,8,1,5,23,7.499827853,Pomodoro
60,Female,4,2,1,5.39581983,2,0,1,1,66,3.001342652,2 Minute Rule
20,Other,4,5,5,8.501564765,5,3,1,1,103,2.142275953,Pomodoro
50,Female,4,4,4,5.533834563,1,7,1,3,97,4.198075323,Pomodoro
39,Female,2,2,2,7.165381894,5,2,0,1,26,2.492070932,Pomodoro
38,Other,3,4,5,5.029578202,3,0,0,4,31,5.782647174,Pomodoro
23,Female,5,5,3,5.004758467,3,3,0,2,14,6.520742536,Pomodoro
23,Female,3,5,4,6.775561283,5,0,0,3,84,2.291785218,Pomodoro
21,Other,3,1,4,4.199607827,2,7,1,4,110,0.813662178,Pomodoro
47,Male,2,3,2,4.731328495,3,4,0,4,110,5.179167074,90/90/1 Rule
28,Male,3,4,1,6.495168168,5,0,1,1,65,4.718840894,90/90/1 Rule
47,Male,1,1,3,4.378779455,2,7,0,2,55,3.515983663,90/90/1 Rule
48,Other,4,3,4,6.380530339,2,8,1,4,14,5.329204563,Pomodoro
41,Female,1,4,2,6.844037596,4,9,1,3,10,4.629599735,Pomodoro
26,Other,5,2,5,6.707599684,2,1,1,4,66,2.379361824,Pomodoro
20,Other,4,3,4,9.215049144,3,8,0,5,117,3.482967317,Pomodoro
48,Female,3,5,2,7.18037473,3,7,0,3,9,3.710851773,Pomodoro
57,Male,5,1,1,6.807882771,5,6,0,3,74,7.101859959,90/90/1 Rule
54,Male,4,3,1,6.464255472,5,2,1,4,67,7.706781156,90/90/1 Rule
53,Other,3,3,4,8.90574027,2,1,0,1,60,7.197510218,Pomodoro
41,Male,1,5,4,9.370339624,1,6,0,3,63,5.89383518,Pomodoro
48,Other,4,4,3,9.119454815,4,4,0,5,67,4.887445502,90/90/1 Rule
23,Other,3,2,2,7.041279469,5,5,0,1,115,5.669462266,90/90/1 Rule
19,Female,1,5,4,4.824170476,2,3,1,1,93,7.543319155,Pomodoro
37,Female,4,2,3,7.661219817,2,1,1,1,63,2.374990514,2 Minute Rule
45,Female,5,4,3,4.276378382,1,8,0,3,55,4.513403808,2 Minute Rule
28,Other,1,5,1,8.4962741,3,7,1,1,59,4.676938268,90/90/1 Rule
53,Male,3,5,3,9.507045299,2,2,1,2,99,1.311699851,90/90/1 Rule
30,Female,2,2,4,7.648173745,4,8,1,5,23,7.499827853,Pomodoro
60,Female,4,2,1,5.39581983,2,0,1,1,66,3.001342652,2 Minute Rule
20,Other,4,5,5,8.501564765,5,3,1,1,103,2.142275953,Pomodoro
50,Female,4,4,4,5.533834563,1,7,1,3,97,4.198075323,Pomodoro
39,Female,2,2,2,7.165381894,5,2,0,1,26,2.492070932,Pomodoro
38,Other,3,4,5,5.029578202,3,0,0,4,31,5.782647174,Pomodoro
23,Female,5,5,3,5.004758467,3,3,0,2,14,6.520742536,Pomodoro
23,Female,3,5,4,6.775561283,5,0,0,3,84,2.291785218,Pomodoro
21,Other,3,1,4,4.199607827,2,7,1,4,110,0.813662178,Pomodoro
47,Male,2,3,2,4.731328495,3,4,0,4,110,5.179167074,90/90/1 Rule
28,Male,3,4,1,6.495168168,5,0,1,1,65,4.718840894,90/90/1 Rule
47,Male,1,1,3,4.378779455,2,7,0,2,55,3.515983663,90/90/1 Rule
48,Other,4,3,4,6.380530339,2,8,1,4,14,5.329204563,Pomodoro
41,Female,1,4,2,6.844037596,4,9,1,3,10,4.629599735,Pomodoro
26,Other,5,2,5,6.707599684,2,1,1,4,66,2.379361824,Pomodoro
20,Other,4,3,4,9.215049144,3,8,0,5,117,3.482967317,Pomodoro
48,Female,3,5,2,7.18037473,3,7,0,3,9,3.710851773,Pomodoro
57,Male,5,1,1,6.807882771,5,6,0,3,74,7.101859959,90/90/1 Rule
54,Male,4,3,1,6.464255472,5,2,1,4,67,7.706781156,90/90/1 Rule
53,Other,3,3,4,8.90574027,2,1,0,1,60,7.197510218,Pomodoro
41,Male,1,5,4,9.370339624,1,6,0,3,63,5.89383518,Pomodoro
48,Other,4,4,3,9.119454815,4,4,0,5,67,4.887445502,90/90/1 Rule
23,Other,3,2,2,7.041279469,5,5,0,1,115,5.669462266,90/90/1 Rule
19,Female,1,5,4,4.824170476,2,3,1,1,93,7.543319155,Pomodoro
37,Female,4,2,3,7.661219817,2,1,1,1,63,2.374990514,2 Minute Rule
45,Female,5,4,3,4.276378382,1,8,0,3,55,4.513403808,2 Minute Rule
28,Other,1,5,1,8.4962741,3,7,1,1,59,4.676938268,90/90/1 Rule
53,Male,3,5,3,9.507045299,2,2,1,2,99,1.311699851,90/90/1 Rule
30,Female,2,2,4,7.648173745,4,8,1,5,23,7.499827853,Pomodoro
60,Female,4,2,1,5.39581983,2,0,1,1,66,3.001342652,2 Minute Rule
20,Other,4,5,5,8.501564765,5,3,1,1,103,2.142275953,Pomodoro
50,Female,4,4,4,5.533834563,1,7,1,3,97,4.198075323,Pomodoro
39,Female,2,2,2,7.165381894,5,2,0,1,26,2.492070932,Pomodoro
38,Other,3,4,5,5.029578202,3,0,0,4,31,5.782647174,Pomodoro
23,Female,5,5,3,5.004758467,3,3,0,2,14,6.520742536,Pomodoro
23,Female,3,5,4,6.775561283,5,0,0,3,84,2.291785218,Pomodoro
21,Other,3,1,4,4.199607827,2,7,1,4,110,0.813662178,Pomodoro
47,Male,2,3,2,4.731328495,3,4,0,4,110,5.179167074,90/90/1 Rule
28,Male,3,4,1,6.495168168,5,0,1,1,65,4.718840894,90/90/1 Rule
47,Male,1,1,3,4.378779455,2,7,0,2,55,3.515983663,90/90/1 Rule
48,Other,4,3,4,6.380530339,2,8,1,4,14,5.329204563,Pomodoro
35,male,2,8,7,9.0,1,1,0,5,38,86.0,Eisenhower Matrix
35,male,3,7,4,7.0,1,1,0,9,33,161.0,Eisenhower Matrix
35,male,3,7,7,8.0,1,1,0,9,55,87.0,Eisenhower Matrix
35,male,2,8,6,8.0,2,1,0,10,23,205.0,Eisenhower Matrix
35,male,5,5,5,7.0,5,1,0,6,40,120.0,2 Minute Rule
